problem,n,m,direction,linesearch,start,iters,nfev,ngev,reason
BK1,2,2,sd,qwolfe,1,500,56667,37672,maxIter
BK1,2,2,sd,dwolfe,1,500,55026,36031,maxIter
BK1,2,2,sd,qwolfe,2,500,56463,37456,maxIter
BK1,2,2,sd,dwolfe,2,500,54810,35803,maxIter
BK1,2,2,sd,qwolfe,3,500,56616,37618,maxIter
BK1,2,2,sd,dwolfe,3,500,54972,35974,maxIter
BK1,2,2,sd,qwolfe,4,500,56718,37726,maxIter
BK1,2,2,sd,dwolfe,4,500,55080,36088,maxIter
BK1,2,2,sd,qwolfe,5,500,56616,37618,maxIter
BK1,2,2,sd,dwolfe,5,500,54972,35974,maxIter
BK1,2,2,sd,qwolfe,6,500,56463,37456,maxIter
BK1,2,2,sd,dwolfe,6,500,54810,35803,maxIter
BK1,2,2,sd,qwolfe,7,500,56616,37618,maxIter
BK1,2,2,sd,dwolfe,7,500,54972,35974,maxIter
BK1,2,2,sd,qwolfe,8,500,56514,37510,maxIter
BK1,2,2,sd,dwolfe,8,500,54864,35860,maxIter
BK1,2,2,sd,qwolfe,9,500,56616,37618,maxIter
BK1,2,2,sd,dwolfe,9,500,54972,35974,maxIter
BK1,2,2,sd,qwolfe,10,500,56616,37618,maxIter
BK1,2,2,sd,dwolfe,10,500,54972,35974,maxIter
BK1,2,2,sd,qwolfe,11,500,56565,37564,maxIter
BK1,2,2,sd,dwolfe,11,500,54918,35917,maxIter
BK1,2,2,sd,qwolfe,12,500,56616,37618,maxIter
BK1,2,2,sd,dwolfe,12,500,54972,35974,maxIter
BK1,2,2,sd,qwolfe,13,500,56982,37961,maxIter
BK1,2,2,sd,dwolfe,13,500,55356,36335,maxIter
BK1,2,2,sd,qwolfe,14,500,56667,37672,maxIter
BK1,2,2,sd,dwolfe,14,500,55026,36031,maxIter
BK1,2,2,sd,qwolfe,15,500,56616,37618,maxIter
BK1,2,2,sd,dwolfe,15,500,54972,35974,maxIter
BK1,2,2,sd,qwolfe,16,500,56565,37564,maxIter
BK1,2,2,sd,dwolfe,16,500,54918,35917,maxIter
BK1,2,2,sd,qwolfe,17,500,56616,37618,maxIter
BK1,2,2,sd,dwolfe,17,500,54972,35974,maxIter
BK1,2,2,sd,qwolfe,18,500,56514,37510,maxIter
BK1,2,2,sd,dwolfe,18,500,54864,35860,maxIter
BK1,2,2,sd,qwolfe,19,500,56616,37618,maxIter
BK1,2,2,sd,dwolfe,19,500,54972,35974,maxIter
BK1,2,2,sd,qwolfe,20,500,56349,37380,maxIter
BK1,2,2,sd,dwolfe,20,500,54696,35727,maxIter
BK1,2,2,sd,qwolfe,21,500,56982,37961,maxIter
BK1,2,2,sd,dwolfe,21,500,55356,36335,maxIter
BK1,2,2,sd,qwolfe,22,500,56760,37772,maxIter
BK1,2,2,sd,dwolfe,22,500,55188,36202,maxIter
BK1,2,2,sd,qwolfe,23,500,56769,37780,maxIter
BK1,2,2,sd,dwolfe,23,500,55134,36145,maxIter
BK1,2,2,sd,qwolfe,24,500,56718,37726,maxIter
BK1,2,2,sd,dwolfe,24,500,55080,36088,maxIter
BK1,2,2,sd,qwolfe,25,500,9918,5088,maxIter
BK1,2,2,sd,dwolfe,25,500,55356,36335,maxIter
BK1,2,2,sd,qwolfe,26,500,56616,37618,maxIter
BK1,2,2,sd,dwolfe,26,500,54972,35974,maxIter
BK1,2,2,sd,qwolfe,27,500,56616,37618,maxIter
BK1,2,2,sd,dwolfe,27,500,54972,35974,maxIter
BK1,2,2,sd,qwolfe,28,500,56667,37672,maxIter
BK1,2,2,sd,dwolfe,28,500,55026,36031,maxIter
BK1,2,2,sd,qwolfe,29,500,56565,37564,maxIter
BK1,2,2,sd,dwolfe,29,500,54918,35917,maxIter
BK1,2,2,sd,qwolfe,30,500,56667,37672,maxIter
BK1,2,2,sd,dwolfe,30,500,55026,36031,maxIter
BK1,2,2,sd,qwolfe,31,500,56565,37564,maxIter
BK1,2,2,sd,dwolfe,31,500,54918,35917,maxIter
BK1,2,2,sd,qwolfe,32,500,56649,37699,maxIter
BK1,2,2,sd,dwolfe,32,500,55134,36145,maxIter
BK1,2,2,sd,qwolfe,33,500,56616,37618,maxIter
BK1,2,2,sd,dwolfe,33,500,54972,35974,maxIter
BK1,2,2,sd,qwolfe,34,500,56667,37672,maxIter
BK1,2,2,sd,dwolfe,34,500,55026,36031,maxIter
BK1,2,2,sd,qwolfe,35,500,56718,37726,maxIter
BK1,2,2,sd,dwolfe,35,500,55080,36088,maxIter
BK1,2,2,sd,qwolfe,36,500,56565,37564,maxIter
BK1,2,2,sd,dwolfe,36,500,54918,35917,maxIter
BK1,2,2,sd,qwolfe,37,500,56565,37564,maxIter
BK1,2,2,sd,dwolfe,37,500,54918,35917,maxIter
BK1,2,2,sd,qwolfe,38,500,56565,37564,maxIter
BK1,2,2,sd,dwolfe,38,500,54918,35917,maxIter
BK1,2,2,sd,qwolfe,39,500,56763,37775,maxIter
BK1,2,2,sd,dwolfe,39,500,55248,36221,maxIter
BK1,2,2,sd,qwolfe,40,500,56769,37780,maxIter
BK1,2,2,sd,dwolfe,40,500,55134,36145,maxIter
BK1,2,2,sd,qwolfe,41,500,56616,37618,maxIter
BK1,2,2,sd,dwolfe,41,500,54972,35974,maxIter
BK1,2,2,sd,qwolfe,42,500,56982,37961,maxIter
BK1,2,2,sd,dwolfe,42,500,55356,36335,maxIter
BK1,2,2,sd,qwolfe,43,500,56565,37564,maxIter
BK1,2,2,sd,dwolfe,43,500,54918,35917,maxIter
BK1,2,2,sd,qwolfe,44,500,56982,37961,maxIter
BK1,2,2,sd,dwolfe,44,500,55356,36335,maxIter
BK1,2,2,sd,qwolfe,45,500,56718,37726,maxIter
BK1,2,2,sd,dwolfe,45,500,55080,36088,maxIter
BK1,2,2,sd,qwolfe,46,500,56616,37618,maxIter
BK1,2,2,sd,dwolfe,46,500,54972,35974,maxIter
BK1,2,2,sd,qwolfe,47,500,56883,37856,maxIter
BK1,2,2,sd,dwolfe,47,500,55248,36221,maxIter
BK1,2,2,sd,qwolfe,48,500,56463,37456,maxIter
BK1,2,2,sd,dwolfe,48,500,54810,35803,maxIter
BK1,2,2,sd,qwolfe,49,500,56769,37780,maxIter
BK1,2,2,sd,dwolfe,49,500,55134,36145,maxIter
BK1,2,2,sd,qwolfe,50,500,56565,37564,maxIter
BK1,2,2,sd,dwolfe,50,500,54918,35917,maxIter
BK1,2,2,sd,qwolfe,51,500,56514,37510,maxIter
BK1,2,2,sd,dwolfe,51,500,54864,35860,maxIter
BK1,2,2,sd,qwolfe,52,500,56718,37726,maxIter
BK1,2,2,sd,dwolfe,52,500,55080,36088,maxIter
BK1,2,2,sd,qwolfe,53,500,56616,37618,maxIter
BK1,2,2,sd,dwolfe,53,500,54972,35974,maxIter
BK1,2,2,sd,qwolfe,54,500,56616,37618,maxIter
BK1,2,2,sd,dwolfe,54,500,54972,35974,maxIter
BK1,2,2,sd,qwolfe,55,500,12393,5799,maxIter
BK1,2,2,sd,dwolfe,55,500,55410,36392,maxIter
BK1,2,2,sd,qwolfe,56,500,56616,37618,maxIter
BK1,2,2,sd,dwolfe,56,500,54972,35974,maxIter
BK1,2,2,sd,qwolfe,57,500,56514,37510,maxIter
BK1,2,2,sd,dwolfe,57,500,54864,35860,maxIter
BK1,2,2,sd,qwolfe,58,500,56514,37510,maxIter
BK1,2,2,sd,dwolfe,58,500,54864,35860,maxIter
BK1,2,2,sd,qwolfe,59,500,56565,37564,maxIter
BK1,2,2,sd,dwolfe,59,500,54918,35917,maxIter
BK1,2,2,sd,qwolfe,60,500,56616,37618,maxIter
BK1,2,2,sd,dwolfe,60,500,54972,35974,maxIter
BK1,2,2,sd,qwolfe,61,500,56463,37456,maxIter
BK1,2,2,sd,dwolfe,61,500,54810,35803,maxIter
BK1,2,2,sd,qwolfe,62,500,56514,37510,maxIter
BK1,2,2,sd,dwolfe,62,500,54864,35860,maxIter
BK1,2,2,sd,qwolfe,63,500,56718,37726,maxIter
BK1,2,2,sd,dwolfe,63,500,55080,36088,maxIter
BK1,2,2,sd,qwolfe,64,500,56616,37618,maxIter
BK1,2,2,sd,dwolfe,64,500,54972,35974,maxIter
BK1,2,2,sd,qwolfe,65,500,56565,37564,maxIter
BK1,2,2,sd,dwolfe,65,500,54918,35917,maxIter
BK1,2,2,sd,qwolfe,66,500,56667,37672,maxIter
BK1,2,2,sd,dwolfe,66,500,55026,36031,maxIter
BK1,2,2,sd,qwolfe,67,500,56649,37699,maxIter
BK1,2,2,sd,dwolfe,67,500,55134,36145,maxIter
BK1,2,2,sd,qwolfe,68,500,56718,37726,maxIter
BK1,2,2,sd,dwolfe,68,500,55080,36088,maxIter
BK1,2,2,sd,qwolfe,69,500,56667,37672,maxIter
BK1,2,2,sd,dwolfe,69,500,55026,36031,maxIter
BK1,2,2,sd,qwolfe,70,500,56667,37672,maxIter
BK1,2,2,sd,dwolfe,70,500,55026,36031,maxIter
BK1,2,2,sd,qwolfe,71,500,56718,37726,maxIter
BK1,2,2,sd,dwolfe,71,500,55080,36088,maxIter
BK1,2,2,sd,qwolfe,72,500,56649,37699,maxIter
BK1,2,2,sd,dwolfe,72,500,55134,36145,maxIter
BK1,2,2,sd,qwolfe,73,500,56616,37618,maxIter
BK1,2,2,sd,dwolfe,73,500,54972,35974,maxIter
BK1,2,2,sd,qwolfe,74,500,56667,37672,maxIter
BK1,2,2,sd,dwolfe,74,500,55026,36031,maxIter
BK1,2,2,sd,qwolfe,75,500,56649,37699,maxIter
BK1,2,2,sd,dwolfe,75,500,55134,36145,maxIter
BK1,2,2,sd,qwolfe,76,500,56616,37618,maxIter
BK1,2,2,sd,dwolfe,76,500,54972,35974,maxIter
BK1,2,2,sd,qwolfe,77,500,56616,37618,maxIter
BK1,2,2,sd,dwolfe,77,500,54972,35974,maxIter
BK1,2,2,sd,qwolfe,78,500,56931,37907,maxIter
BK1,2,2,sd,dwolfe,78,500,55302,36278,maxIter
BK1,2,2,sd,qwolfe,79,500,56565,37564,maxIter
BK1,2,2,sd,dwolfe,79,500,54918,35917,maxIter
BK1,2,2,sd,qwolfe,80,500,56667,37672,maxIter
BK1,2,2,sd,dwolfe,80,500,55026,36031,maxIter
BK1,2,2,sd,qwolfe,81,500,56667,37672,maxIter
BK1,2,2,sd,dwolfe,81,500,55026,36031,maxIter
BK1,2,2,sd,qwolfe,82,500,56982,37961,maxIter
BK1,2,2,sd,dwolfe,82,500,55356,36335,maxIter
BK1,2,2,sd,qwolfe,83,500,56667,37672,maxIter
BK1,2,2,sd,dwolfe,83,500,55026,36031,maxIter
BK1,2,2,sd,qwolfe,84,500,56616,37618,maxIter
BK1,2,2,sd,dwolfe,84,500,54972,35974,maxIter
BK1,2,2,sd,qwolfe,85,500,56616,37618,maxIter
BK1,2,2,sd,dwolfe,85,500,54972,35974,maxIter
BK1,2,2,sd,qwolfe,86,500,56982,37961,maxIter
BK1,2,2,sd,dwolfe,86,500,55356,36335,maxIter
BK1,2,2,sd,qwolfe,87,500,56463,37456,maxIter
BK1,2,2,sd,dwolfe,87,500,54810,35803,maxIter
BK1,2,2,sd,qwolfe,88,500,56616,37618,maxIter
BK1,2,2,sd,dwolfe,88,500,54972,35974,maxIter
BK1,2,2,sd,qwolfe,89,500,56964,37949,maxIter
BK1,2,2,sd,dwolfe,89,500,55464,36449,maxIter
BK1,2,2,sd,qwolfe,90,500,56718,37726,maxIter
BK1,2,2,sd,dwolfe,90,500,55080,36088,maxIter
BK1,2,2,sd,qwolfe,91,500,56718,37726,maxIter
BK1,2,2,sd,dwolfe,91,500,55080,36088,maxIter
BK1,2,2,sd,qwolfe,92,500,56565,37564,maxIter
BK1,2,2,sd,dwolfe,92,500,54918,35917,maxIter
BK1,2,2,sd,qwolfe,93,500,56565,37564,maxIter
BK1,2,2,sd,dwolfe,93,500,54918,35917,maxIter
BK1,2,2,sd,qwolfe,94,500,56667,37672,maxIter
BK1,2,2,sd,dwolfe,94,500,55026,36031,maxIter
BK1,2,2,sd,qwolfe,95,500,56514,37510,maxIter
BK1,2,2,sd,dwolfe,95,500,54864,35860,maxIter
BK1,2,2,sd,qwolfe,96,500,56616,37618,maxIter
BK1,2,2,sd,dwolfe,96,500,54972,35974,maxIter
BK1,2,2,sd,qwolfe,97,500,56817,37831,maxIter
BK1,2,2,sd,dwolfe,97,500,55188,36202,maxIter
BK1,2,2,sd,qwolfe,98,500,56931,37907,maxIter
BK1,2,2,sd,dwolfe,98,500,55302,36278,maxIter
BK1,2,2,sd,qwolfe,99,500,56931,37907,maxIter
BK1,2,2,sd,dwolfe,99,500,55302,36278,maxIter
BK1,2,2,sd,qwolfe,100,500,56649,37699,maxIter
BK1,2,2,sd,dwolfe,100,500,55134,36145,maxIter
DGO1,1,2,sd,qwolfe,1,500,30003,12277,maxIter
DGO1,1,2,sd,dwolfe,1,500,30318,11277,maxIter
DGO1,1,2,sd,qwolfe,2,500,30975,12663,maxIter
DGO1,1,2,sd,dwolfe,2,500,30282,11330,maxIter
DGO1,1,2,sd,qwolfe,3,500,31107,12624,maxIter
DGO1,1,2,sd,dwolfe,3,500,30357,11350,maxIter
DGO1,1,2,sd,qwolfe,4,500,30720,12485,maxIter
DGO1,1,2,sd,dwolfe,4,500,30615,11426,maxIter
DGO1,1,2,sd,qwolfe,5,500,30291,12331,maxIter
DGO1,1,2,sd,dwolfe,5,500,30729,11425,maxIter
DGO1,1,2,sd,qwolfe,6,500,30456,12406,maxIter
DGO1,1,2,sd,dwolfe,6,500,30492,11382,maxIter
DGO1,1,2,sd,qwolfe,7,500,31002,12697,maxIter
DGO1,1,2,sd,dwolfe,7,500,30435,11377,maxIter
DGO1,1,2,sd,qwolfe,8,500,31092,12563,maxIter
DGO1,1,2,sd,dwolfe,8,500,30087,11206,maxIter
DGO1,1,2,sd,qwolfe,9,500,30627,12529,maxIter
DGO1,1,2,sd,dwolfe,9,500,30135,11305,maxIter
DGO1,1,2,sd,qwolfe,10,500,30711,12478,maxIter
DGO1,1,2,sd,dwolfe,10,500,30297,11299,maxIter
DGO1,1,2,sd,qwolfe,11,500,30885,12632,maxIter
DGO1,1,2,sd,dwolfe,11,500,30726,11503,maxIter
DGO1,1,2,sd,qwolfe,12,500,30360,12367,maxIter
DGO1,1,2,sd,dwolfe,12,500,30546,11393,maxIter
DGO1,1,2,sd,qwolfe,13,500,30651,12503,maxIter
DGO1,1,2,sd,dwolfe,13,500,29805,11195,maxIter
DGO1,1,2,sd,qwolfe,14,500,30813,12560,maxIter
DGO1,1,2,sd,dwolfe,14,500,30537,11466,maxIter
DGO1,1,2,sd,qwolfe,15,500,30708,12542,maxIter
DGO1,1,2,sd,dwolfe,15,500,30432,11383,maxIter
DGO1,1,2,sd,qwolfe,16,500,31326,12757,maxIter
DGO1,1,2,sd,dwolfe,16,500,30345,11343,maxIter
DGO1,1,2,sd,qwolfe,17,500,30831,12582,maxIter
DGO1,1,2,sd,dwolfe,17,500,30906,11463,maxIter
DGO1,1,2,sd,qwolfe,18,500,31086,12717,maxIter
DGO1,1,2,sd,dwolfe,18,500,30885,11510,maxIter
DGO1,1,2,sd,qwolfe,19,500,30324,12404,maxIter
DGO1,1,2,sd,dwolfe,19,500,30591,11428,maxIter
DGO1,1,2,sd,qwolfe,20,500,30558,12485,maxIter
DGO1,1,2,sd,dwolfe,20,500,30615,11380,maxIter
DGO1,1,2,sd,qwolfe,21,500,31092,12668,maxIter
DGO1,1,2,sd,dwolfe,21,500,30405,11400,maxIter
DGO1,1,2,sd,qwolfe,22,500,30354,12371,maxIter
DGO1,1,2,sd,dwolfe,22,500,30183,11291,maxIter
DGO1,1,2,sd,qwolfe,23,500,30381,12399,maxIter
DGO1,1,2,sd,dwolfe,23,500,30468,11365,maxIter
DGO1,1,2,sd,qwolfe,24,500,30795,12574,maxIter
DGO1,1,2,sd,dwolfe,24,500,30519,11364,maxIter
DGO1,1,2,sd,qwolfe,25,500,30954,12549,maxIter
DGO1,1,2,sd,dwolfe,25,500,29949,11199,maxIter
DGO1,1,2,sd,qwolfe,26,500,30636,12488,maxIter
DGO1,1,2,sd,dwolfe,26,500,30360,11374,maxIter
DGO1,1,2,sd,qwolfe,27,500,29997,12404,maxIter
DGO1,1,2,sd,dwolfe,27,500,30747,11460,maxIter
DGO1,1,2,sd,qwolfe,28,500,31131,12790,maxIter
DGO1,1,2,sd,dwolfe,28,500,30432,11402,maxIter
DGO1,1,2,sd,qwolfe,29,500,31191,12720,maxIter
DGO1,1,2,sd,dwolfe,29,500,30774,11476,maxIter
DGO1,1,2,sd,qwolfe,30,500,31182,12697,maxIter
DGO1,1,2,sd,dwolfe,30,500,30600,11401,maxIter
DGO1,1,2,sd,qwolfe,31,500,31200,12726,maxIter
DGO1,1,2,sd,dwolfe,31,500,30531,11389,maxIter
DGO1,1,2,sd,qwolfe,32,500,31647,12907,maxIter
DGO1,1,2,sd,dwolfe,32,500,30603,11422,maxIter
DGO1,1,2,sd,qwolfe,33,500,30987,12571,maxIter
DGO1,1,2,sd,dwolfe,33,500,30432,11412,maxIter
DGO1,1,2,sd,qwolfe,34,500,30867,12589,maxIter
DGO1,1,2,sd,dwolfe,34,500,30837,11486,maxIter
DGO1,1,2,sd,qwolfe,35,500,31059,12664,maxIter
DGO1,1,2,sd,dwolfe,35,500,30456,11390,maxIter
DGO1,1,2,sd,qwolfe,36,500,32022,12983,maxIter
DGO1,1,2,sd,dwolfe,36,500,30291,11298,maxIter
DGO1,1,2,sd,qwolfe,37,500,30717,12562,maxIter
DGO1,1,2,sd,dwolfe,37,500,29940,11213,maxIter
DGO1,1,2,sd,qwolfe,38,500,31845,13008,maxIter
DGO1,1,2,sd,dwolfe,38,500,30711,11378,maxIter
DGO1,1,2,sd,qwolfe,39,500,31524,12865,maxIter
DGO1,1,2,sd,dwolfe,39,500,30813,11513,maxIter
DGO1,1,2,sd,qwolfe,40,500,31017,12622,maxIter
DGO1,1,2,sd,dwolfe,40,500,30558,11438,maxIter
DGO1,1,2,sd,qwolfe,41,500,30057,12257,maxIter
DGO1,1,2,sd,dwolfe,41,500,30219,11332,maxIter
DGO1,1,2,sd,qwolfe,42,500,31131,12671,maxIter
DGO1,1,2,sd,dwolfe,42,500,30951,11501,maxIter
DGO1,1,2,sd,qwolfe,43,500,31113,12725,maxIter
DGO1,1,2,sd,dwolfe,43,500,30987,11473,maxIter
DGO1,1,2,sd,qwolfe,44,500,30606,12449,maxIter
DGO1,1,2,sd,dwolfe,44,500,30864,11486,maxIter
DGO1,1,2,sd,qwolfe,45,500,30468,12365,maxIter
DGO1,1,2,sd,dwolfe,45,500,30681,11432,maxIter
DGO1,1,2,sd,qwolfe,46,500,30504,12474,maxIter
DGO1,1,2,sd,dwolfe,46,500,30480,11370,maxIter
DGO1,1,2,sd,qwolfe,47,500,30999,12659,maxIter
DGO1,1,2,sd,dwolfe,47,500,30279,11291,maxIter
DGO1,1,2,sd,qwolfe,48,500,30738,12540,maxIter
DGO1,1,2,sd,dwolfe,48,500,30561,11417,maxIter
DGO1,1,2,sd,qwolfe,49,500,30840,12587,maxIter
DGO1,1,2,sd,dwolfe,49,500,30483,11368,maxIter
DGO1,1,2,sd,qwolfe,50,500,30771,12581,maxIter
DGO1,1,2,sd,dwolfe,50,500,30594,11425,maxIter
DGO1,1,2,sd,qwolfe,51,500,30447,12469,maxIter
DGO1,1,2,sd,dwolfe,51,500,30483,11363,maxIter
DGO1,1,2,sd,qwolfe,52,500,30429,12411,maxIter
DGO1,1,2,sd,dwolfe,52,500,30372,11401,maxIter
DGO1,1,2,sd,qwolfe,53,500,30948,12606,maxIter
DGO1,1,2,sd,dwolfe,53,500,30462,11393,maxIter
DGO1,1,2,sd,qwolfe,54,500,30171,12326,maxIter
DGO1,1,2,sd,dwolfe,54,500,30045,11239,maxIter
DGO1,1,2,sd,qwolfe,55,500,31332,12862,maxIter
DGO1,1,2,sd,dwolfe,55,500,30621,11452,maxIter
DGO1,1,2,sd,qwolfe,56,500,30717,12574,maxIter
DGO1,1,2,sd,dwolfe,56,500,30390,11345,maxIter
DGO1,1,2,sd,qwolfe,57,500,30756,12513,maxIter
DGO1,1,2,sd,dwolfe,57,500,30222,11305,maxIter
DGO1,1,2,sd,qwolfe,58,500,30243,12293,maxIter
DGO1,1,2,sd,dwolfe,58,500,30093,11308,maxIter
DGO1,1,2,sd,qwolfe,59,500,30381,12461,maxIter
DGO1,1,2,sd,dwolfe,59,500,30513,11351,maxIter
DGO1,1,2,sd,qwolfe,60,500,30876,12538,maxIter
DGO1,1,2,sd,dwolfe,60,500,30414,11363,maxIter
DGO1,1,2,sd,qwolfe,61,500,30639,12501,maxIter
DGO1,1,2,sd,dwolfe,61,500,30330,11338,maxIter
DGO1,1,2,sd,qwolfe,62,500,30387,12392,maxIter
DGO1,1,2,sd,dwolfe,62,500,30552,11362,maxIter
DGO1,1,2,sd,qwolfe,63,500,30366,12421,maxIter
DGO1,1,2,sd,dwolfe,63,500,30117,11272,maxIter
DGO1,1,2,sd,qwolfe,64,500,30840,12619,maxIter
DGO1,1,2,sd,dwolfe,64,500,30354,11310,maxIter
DGO1,1,2,sd,qwolfe,65,500,30999,12641,maxIter
DGO1,1,2,sd,dwolfe,65,500,30489,11381,maxIter
DGO1,1,2,sd,qwolfe,66,500,30804,12532,maxIter
DGO1,1,2,sd,dwolfe,66,500,30267,11353,maxIter
DGO1,1,2,sd,qwolfe,67,500,30759,12522,maxIter
DGO1,1,2,sd,dwolfe,67,500,30123,11273,maxIter
DGO1,1,2,sd,qwolfe,68,500,30543,12440,maxIter
DGO1,1,2,sd,dwolfe,68,500,30114,11231,maxIter
DGO1,1,2,sd,qwolfe,69,500,30636,12518,maxIter
DGO1,1,2,sd,dwolfe,69,500,30339,11363,maxIter
DGO1,1,2,sd,qwolfe,70,500,30282,12418,maxIter
DGO1,1,2,sd,dwolfe,70,500,30714,11427,maxIter
DGO1,1,2,sd,qwolfe,71,500,31056,12616,maxIter
DGO1,1,2,sd,dwolfe,71,500,30147,11309,maxIter
DGO1,1,2,sd,qwolfe,72,500,31191,12678,maxIter
DGO1,1,2,sd,dwolfe,72,500,30012,11247,maxIter
DGO1,1,2,sd,qwolfe,73,500,30705,12480,maxIter
DGO1,1,2,sd,dwolfe,73,500,30537,11329,maxIter
DGO1,1,2,sd,qwolfe,74,500,30930,12574,maxIter
DGO1,1,2,sd,dwolfe,74,500,30336,11367,maxIter
DGO1,1,2,sd,qwolfe,75,500,30906,12554,maxIter
DGO1,1,2,sd,dwolfe,75,500,30138,11296,maxIter
DGO1,1,2,sd,qwolfe,76,500,30738,12564,maxIter
DGO1,1,2,sd,dwolfe,76,500,29973,11244,maxIter
DGO1,1,2,sd,qwolfe,77,500,31029,12663,maxIter
DGO1,1,2,sd,dwolfe,77,500,30150,11267,maxIter
DGO1,1,2,sd,qwolfe,78,500,31122,12663,maxIter
DGO1,1,2,sd,dwolfe,78,500,31032,11490,maxIter
DGO1,1,2,sd,qwolfe,79,500,30165,12306,maxIter
DGO1,1,2,sd,dwolfe,79,500,30408,11334,maxIter
DGO1,1,2,sd,qwolfe,80,500,30978,12635,maxIter
DGO1,1,2,sd,dwolfe,80,500,30735,11428,maxIter
DGO1,1,2,sd,qwolfe,81,500,30798,12483,maxIter
DGO1,1,2,sd,dwolfe,81,500,30390,11332,maxIter
DGO1,1,2,sd,qwolfe,82,500,30765,12582,maxIter
DGO1,1,2,sd,dwolfe,82,500,30744,11430,maxIter
DGO1,1,2,sd,qwolfe,83,500,31200,12784,maxIter
DGO1,1,2,sd,dwolfe,83,500,29907,11247,maxIter
DGO1,1,2,sd,qwolfe,84,500,31002,12647,maxIter
DGO1,1,2,sd,dwolfe,84,500,30321,11320,maxIter
DGO1,1,2,sd,qwolfe,85,500,31143,12699,maxIter
DGO1,1,2,sd,dwolfe,85,500,30594,11408,maxIter
DGO1,1,2,sd,qwolfe,86,500,30516,12496,maxIter
DGO1,1,2,sd,dwolfe,86,500,30120,11312,maxIter
DGO1,1,2,sd,qwolfe,87,500,31176,12694,maxIter
DGO1,1,2,sd,dwolfe,87,500,30648,11471,maxIter
DGO1,1,2,sd,qwolfe,88,500,31398,12795,maxIter
DGO1,1,2,sd,dwolfe,88,500,30174,11281,maxIter
DGO1,1,2,sd,qwolfe,89,500,31089,12715,maxIter
DGO1,1,2,sd,dwolfe,89,500,30537,11407,maxIter
DGO1,1,2,sd,qwolfe,90,500,31041,12643,maxIter
DGO1,1,2,sd,dwolfe,90,500,30312,11307,maxIter
DGO1,1,2,sd,qwolfe,91,500,31572,12871,maxIter
DGO1,1,2,sd,dwolfe,91,500,30393,11386,maxIter
DGO1,1,2,sd,qwolfe,92,500,31077,12728,maxIter
DGO1,1,2,sd,dwolfe,92,500,30414,11394,maxIter
DGO1,1,2,sd,qwolfe,93,500,31137,12681,maxIter
DGO1,1,2,sd,dwolfe,93,500,30132,11240,maxIter
DGO1,1,2,sd,qwolfe,94,500,30966,12622,maxIter
DGO1,1,2,sd,dwolfe,94,500,30822,11477,maxIter
DGO1,1,2,sd,qwolfe,95,500,30987,12677,maxIter
DGO1,1,2,sd,dwolfe,95,500,30258,11377,maxIter
DGO1,1,2,sd,qwolfe,96,500,31464,12764,maxIter
DGO1,1,2,sd,dwolfe,96,500,30276,11297,maxIter
DGO1,1,2,sd,qwolfe,97,500,31368,12770,maxIter
DGO1,1,2,sd,dwolfe,97,500,30513,11432,maxIter
DGO1,1,2,sd,qwolfe,98,500,29976,12332,maxIter
DGO1,1,2,sd,dwolfe,98,500,30441,11364,maxIter
DGO1,1,2,sd,qwolfe,99,500,31449,12798,maxIter
DGO1,1,2,sd,dwolfe,99,500,30633,11403,maxIter
DGO1,1,2,sd,qwolfe,100,500,31101,12691,maxIter
DGO1,1,2,sd,dwolfe,100,500,30495,11369,maxIter
DGO2,1,2,sd,qwolfe,1,500,60897,41391,maxIter
DGO2,1,2,sd,dwolfe,1,500,59394,39888,maxIter
DGO2,1,2,sd,qwolfe,2,500,60897,41391,maxIter
DGO2,1,2,sd,dwolfe,2,500,59394,39888,maxIter
DGO2,1,2,sd,qwolfe,3,500,60897,41391,maxIter
DGO2,1,2,sd,dwolfe,3,500,59394,39888,maxIter
DGO2,1,2,sd,qwolfe,4,500,60897,41391,maxIter
DGO2,1,2,sd,dwolfe,4,500,59394,39888,maxIter
DGO2,1,2,sd,qwolfe,5,500,60894,41388,maxIter
DGO2,1,2,sd,dwolfe,5,500,59394,39888,maxIter
DGO2,1,2,sd,qwolfe,6,500,60897,41391,maxIter
DGO2,1,2,sd,dwolfe,6,500,59394,39888,maxIter
DGO2,1,2,sd,qwolfe,7,500,60897,41391,maxIter
DGO2,1,2,sd,dwolfe,7,500,59394,39888,maxIter
DGO2,1,2,sd,qwolfe,8,500,60897,41391,maxIter
DGO2,1,2,sd,dwolfe,8,500,59394,39888,maxIter
DGO2,1,2,sd,qwolfe,9,500,60897,41391,maxIter
DGO2,1,2,sd,dwolfe,9,500,59394,39888,maxIter
DGO2,1,2,sd,qwolfe,10,500,60897,41391,maxIter
DGO2,1,2,sd,dwolfe,10,500,59394,39888,maxIter
DGO2,1,2,sd,qwolfe,11,500,60897,41391,maxIter
DGO2,1,2,sd,dwolfe,11,500,59394,39888,maxIter
DGO2,1,2,sd,qwolfe,12,500,60894,41388,maxIter
DGO2,1,2,sd,dwolfe,12,500,59394,39888,maxIter
DGO2,1,2,sd,qwolfe,13,500,60897,41391,maxIter
DGO2,1,2,sd,dwolfe,13,500,59394,39888,maxIter
DGO2,1,2,sd,qwolfe,14,500,60897,41391,maxIter
DGO2,1,2,sd,dwolfe,14,500,59394,39888,maxIter
DGO2,1,2,sd,qwolfe,15,500,60897,41391,maxIter
DGO2,1,2,sd,dwolfe,15,500,59394,39888,maxIter
DGO2,1,2,sd,qwolfe,16,500,60894,41388,maxIter
DGO2,1,2,sd,dwolfe,16,500,59394,39888,maxIter
DGO2,1,2,sd,qwolfe,17,6,32,32,small_gradient
DGO2,1,2,sd,dwolfe,17,500,59394,39888,maxIter
DGO2,1,2,sd,qwolfe,18,500,60897,41391,maxIter
DGO2,1,2,sd,dwolfe,18,500,59394,39888,maxIter
DGO2,1,2,sd,qwolfe,19,500,60897,41391,maxIter
DGO2,1,2,sd,dwolfe,19,500,59394,39888,maxIter
DGO2,1,2,sd,qwolfe,20,500,60897,41391,maxIter
DGO2,1,2,sd,dwolfe,20,500,59394,39888,maxIter
DGO2,1,2,sd,qwolfe,21,500,60897,41391,maxIter
DGO2,1,2,sd,dwolfe,21,500,59394,39888,maxIter
DGO2,1,2,sd,qwolfe,22,500,60897,41391,maxIter
DGO2,1,2,sd,dwolfe,22,500,59394,39888,maxIter
DGO2,1,2,sd,qwolfe,23,500,60897,41391,maxIter
DGO2,1,2,sd,dwolfe,23,500,59394,39888,maxIter
DGO2,1,2,sd,qwolfe,24,500,60897,41391,maxIter
DGO2,1,2,sd,dwolfe,24,500,59394,39888,maxIter
DGO2,1,2,sd,qwolfe,25,500,60897,41391,maxIter
DGO2,1,2,sd,dwolfe,25,500,59394,39888,maxIter
DGO2,1,2,sd,qwolfe,26,500,60897,41391,maxIter
DGO2,1,2,sd,dwolfe,26,500,59394,39888,maxIter
DGO2,1,2,sd,qwolfe,27,500,60894,41388,maxIter
DGO2,1,2,sd,dwolfe,27,500,59394,39888,maxIter
DGO2,1,2,sd,qwolfe,28,500,60897,41391,maxIter
DGO2,1,2,sd,dwolfe,28,500,59394,39888,maxIter
DGO2,1,2,sd,qwolfe,29,500,60897,41391,maxIter
DGO2,1,2,sd,dwolfe,29,500,59394,39888,maxIter
DGO2,1,2,sd,qwolfe,30,500,60897,41391,maxIter
DGO2,1,2,sd,dwolfe,30,500,59394,39888,maxIter
DGO2,1,2,sd,qwolfe,31,500,60897,41391,maxIter
DGO2,1,2,sd,dwolfe,31,500,59394,39888,maxIter
DGO2,1,2,sd,qwolfe,32,6,32,32,small_gradient
DGO2,1,2,sd,dwolfe,32,500,59394,39888,maxIter
DGO2,1,2,sd,qwolfe,33,500,60897,41391,maxIter
DGO2,1,2,sd,dwolfe,33,500,59394,39888,maxIter
DGO2,1,2,sd,qwolfe,34,500,60897,41391,maxIter
DGO2,1,2,sd,dwolfe,34,500,59394,39888,maxIter
DGO2,1,2,sd,qwolfe,35,500,60897,41391,maxIter
DGO2,1,2,sd,dwolfe,35,500,59394,39888,maxIter
DGO2,1,2,sd,qwolfe,36,500,60897,41391,maxIter
DGO2,1,2,sd,dwolfe,36,500,59394,39888,maxIter
DGO2,1,2,sd,qwolfe,37,500,60897,41391,maxIter
DGO2,1,2,sd,dwolfe,37,500,59394,39888,maxIter
DGO2,1,2,sd,qwolfe,38,500,60897,41391,maxIter
DGO2,1,2,sd,dwolfe,38,500,59394,39888,maxIter
DGO2,1,2,sd,qwolfe,39,500,60894,41388,maxIter
DGO2,1,2,sd,dwolfe,39,500,59394,39888,maxIter
DGO2,1,2,sd,qwolfe,40,500,60897,41391,maxIter
DGO2,1,2,sd,dwolfe,40,500,59394,39888,maxIter
DGO2,1,2,sd,qwolfe,41,500,60897,41391,maxIter
DGO2,1,2,sd,dwolfe,41,500,59394,39888,maxIter
DGO2,1,2,sd,qwolfe,42,500,60897,41391,maxIter
DGO2,1,2,sd,dwolfe,42,500,59394,39888,maxIter
DGO2,1,2,sd,qwolfe,43,500,60897,41391,maxIter
DGO2,1,2,sd,dwolfe,43,500,59394,39888,maxIter
DGO2,1,2,sd,qwolfe,44,500,60897,41391,maxIter
DGO2,1,2,sd,dwolfe,44,500,59394,39888,maxIter
DGO2,1,2,sd,qwolfe,45,500,60897,41391,maxIter
DGO2,1,2,sd,dwolfe,45,500,59394,39888,maxIter
DGO2,1,2,sd,qwolfe,46,500,60897,41391,maxIter
DGO2,1,2,sd,dwolfe,46,500,59394,39888,maxIter
DGO2,1,2,sd,qwolfe,47,500,60894,41388,maxIter
DGO2,1,2,sd,dwolfe,47,500,59394,39888,maxIter
DGO2,1,2,sd,qwolfe,48,500,60897,41391,maxIter
DGO2,1,2,sd,dwolfe,48,500,59394,39888,maxIter
DGO2,1,2,sd,qwolfe,49,500,60897,41391,maxIter
DGO2,1,2,sd,dwolfe,49,500,59394,39888,maxIter
DGO2,1,2,sd,qwolfe,50,500,60897,41391,maxIter
DGO2,1,2,sd,dwolfe,50,500,59394,39888,maxIter
DGO2,1,2,sd,qwolfe,51,500,60897,41391,maxIter
DGO2,1,2,sd,dwolfe,51,500,59394,39888,maxIter
DGO2,1,2,sd,qwolfe,52,500,60897,41391,maxIter
DGO2,1,2,sd,dwolfe,52,500,59394,39888,maxIter
DGO2,1,2,sd,qwolfe,53,500,60897,41391,maxIter
DGO2,1,2,sd,dwolfe,53,500,59394,39888,maxIter
DGO2,1,2,sd,qwolfe,54,500,60894,41388,maxIter
DGO2,1,2,sd,dwolfe,54,500,59394,39888,maxIter
DGO2,1,2,sd,qwolfe,55,500,60897,41391,maxIter
DGO2,1,2,sd,dwolfe,55,500,59394,39888,maxIter
DGO2,1,2,sd,qwolfe,56,500,60897,41391,maxIter
DGO2,1,2,sd,dwolfe,56,500,59394,39888,maxIter
DGO2,1,2,sd,qwolfe,57,500,60897,41391,maxIter
DGO2,1,2,sd,dwolfe,57,500,59394,39888,maxIter
DGO2,1,2,sd,qwolfe,58,500,60897,41391,maxIter
DGO2,1,2,sd,dwolfe,58,500,59394,39888,maxIter
DGO2,1,2,sd,qwolfe,59,500,60780,41313,maxIter
DGO2,1,2,sd,dwolfe,59,500,59394,39888,maxIter
DGO2,1,2,sd,qwolfe,60,500,60897,41391,maxIter
DGO2,1,2,sd,dwolfe,60,500,59394,39888,maxIter
DGO2,1,2,sd,qwolfe,61,500,60897,41391,maxIter
DGO2,1,2,sd,dwolfe,61,500,59394,39888,maxIter
DGO2,1,2,sd,qwolfe,62,500,60894,41388,maxIter
DGO2,1,2,sd,dwolfe,62,500,59394,39888,maxIter
DGO2,1,2,sd,qwolfe,63,500,60897,41391,maxIter
DGO2,1,2,sd,dwolfe,63,500,59394,39888,maxIter
DGO2,1,2,sd,qwolfe,64,500,60897,41391,maxIter
DGO2,1,2,sd,dwolfe,64,500,59394,39888,maxIter
DGO2,1,2,sd,qwolfe,65,500,60897,41391,maxIter
DGO2,1,2,sd,dwolfe,65,500,59394,39888,maxIter
DGO2,1,2,sd,qwolfe,66,500,60897,41391,maxIter
DGO2,1,2,sd,dwolfe,66,500,59394,39888,maxIter
DGO2,1,2,sd,qwolfe,67,500,60894,41388,maxIter
DGO2,1,2,sd,dwolfe,67,500,59394,39888,maxIter
DGO2,1,2,sd,qwolfe,68,500,60897,41391,maxIter
DGO2,1,2,sd,dwolfe,68,500,59394,39888,maxIter
DGO2,1,2,sd,qwolfe,69,500,60897,41391,maxIter
DGO2,1,2,sd,dwolfe,69,500,59394,39888,maxIter
DGO2,1,2,sd,qwolfe,70,500,60897,41391,maxIter
DGO2,1,2,sd,dwolfe,70,500,59394,39888,maxIter
DGO2,1,2,sd,qwolfe,71,500,60897,41391,maxIter
DGO2,1,2,sd,dwolfe,71,500,59394,39888,maxIter
DGO2,1,2,sd,qwolfe,72,500,60897,41391,maxIter
DGO2,1,2,sd,dwolfe,72,500,59394,39888,maxIter
DGO2,1,2,sd,qwolfe,73,500,60897,41391,maxIter
DGO2,1,2,sd,dwolfe,73,500,59394,39888,maxIter
DGO2,1,2,sd,qwolfe,74,500,60897,41391,maxIter
DGO2,1,2,sd,dwolfe,74,500,59394,39888,maxIter
DGO2,1,2,sd,qwolfe,75,500,60894,41388,maxIter
DGO2,1,2,sd,dwolfe,75,500,59394,39888,maxIter
DGO2,1,2,sd,qwolfe,76,500,60897,41391,maxIter
DGO2,1,2,sd,dwolfe,76,500,59394,39888,maxIter
DGO2,1,2,sd,qwolfe,77,500,60897,41391,maxIter
DGO2,1,2,sd,dwolfe,77,500,59394,39888,maxIter
DGO2,1,2,sd,qwolfe,78,500,60897,41391,maxIter
DGO2,1,2,sd,dwolfe,78,500,59394,39888,maxIter
DGO2,1,2,sd,qwolfe,79,500,60897,41391,maxIter
DGO2,1,2,sd,dwolfe,79,500,59394,39888,maxIter
DGO2,1,2,sd,qwolfe,80,500,60897,41391,maxIter
DGO2,1,2,sd,dwolfe,80,500,59394,39888,maxIter
DGO2,1,2,sd,qwolfe,81,500,60897,41391,maxIter
DGO2,1,2,sd,dwolfe,81,500,59394,39888,maxIter
DGO2,1,2,sd,qwolfe,82,500,60897,41391,maxIter
DGO2,1,2,sd,dwolfe,82,500,59394,39888,maxIter
DGO2,1,2,sd,qwolfe,83,500,60897,41391,maxIter
DGO2,1,2,sd,dwolfe,83,500,59394,39888,maxIter
DGO2,1,2,sd,qwolfe,84,500,60897,41391,maxIter
DGO2,1,2,sd,dwolfe,84,500,59394,39888,maxIter
DGO2,1,2,sd,qwolfe,85,500,60897,41391,maxIter
DGO2,1,2,sd,dwolfe,85,500,59394,39888,maxIter
DGO2,1,2,sd,qwolfe,86,500,60897,41391,maxIter
DGO2,1,2,sd,dwolfe,86,500,59394,39888,maxIter
DGO2,1,2,sd,qwolfe,87,500,60897,41391,maxIter
DGO2,1,2,sd,dwolfe,87,500,59394,39888,maxIter
DGO2,1,2,sd,qwolfe,88,500,60897,41391,maxIter
DGO2,1,2,sd,dwolfe,88,500,59394,39888,maxIter
DGO2,1,2,sd,qwolfe,89,500,60897,41391,maxIter
DGO2,1,2,sd,dwolfe,89,500,59394,39888,maxIter
DGO2,1,2,sd,qwolfe,90,500,60897,41391,maxIter
DGO2,1,2,sd,dwolfe,90,500,59394,39888,maxIter
DGO2,1,2,sd,qwolfe,91,500,60897,41391,maxIter
DGO2,1,2,sd,dwolfe,91,500,59394,39888,maxIter
DGO2,1,2,sd,qwolfe,92,500,60897,41391,maxIter
DGO2,1,2,sd,dwolfe,92,500,59394,39888,maxIter
DGO2,1,2,sd,qwolfe,93,500,60897,41391,maxIter
DGO2,1,2,sd,dwolfe,93,500,59394,39888,maxIter
DGO2,1,2,sd,qwolfe,94,500,60897,41391,maxIter
DGO2,1,2,sd,dwolfe,94,500,59394,39888,maxIter
DGO2,1,2,sd,qwolfe,95,500,60897,41391,maxIter
DGO2,1,2,sd,dwolfe,95,500,59394,39888,maxIter
DGO2,1,2,sd,qwolfe,96,500,60897,41391,maxIter
DGO2,1,2,sd,dwolfe,96,500,59394,39888,maxIter
DGO2,1,2,sd,qwolfe,97,500,60897,41391,maxIter
DGO2,1,2,sd,dwolfe,97,500,59394,39888,maxIter
DGO2,1,2,sd,qwolfe,98,500,60897,41391,maxIter
DGO2,1,2,sd,dwolfe,98,500,59394,39888,maxIter
DGO2,1,2,sd,qwolfe,99,500,60897,41391,maxIter
DGO2,1,2,sd,dwolfe,99,500,59394,39888,maxIter
DGO2,1,2,sd,qwolfe,100,500,60897,41391,maxIter
DGO2,1,2,sd,dwolfe,100,500,59394,39888,maxIter
IM1,2,2,sd,qwolfe,1,500,33942,12985,maxIter
IM1,2,2,sd,dwolfe,1,500,32505,11505,maxIter
IM1,2,2,sd,qwolfe,2,500,33942,12985,maxIter
IM1,2,2,sd,dwolfe,2,500,32505,11505,maxIter
IM1,2,2,sd,qwolfe,3,500,33942,12985,maxIter
IM1,2,2,sd,dwolfe,3,500,32505,11505,maxIter
IM1,2,2,sd,qwolfe,4,500,33942,12985,maxIter
IM1,2,2,sd,dwolfe,4,500,32505,11505,maxIter
IM1,2,2,sd,qwolfe,5,500,33939,12981,maxIter
IM1,2,2,sd,dwolfe,5,500,32505,11505,maxIter
IM1,2,2,sd,qwolfe,6,500,33942,12985,maxIter
IM1,2,2,sd,dwolfe,6,500,32505,11505,maxIter
IM1,2,2,sd,qwolfe,7,500,33942,12985,maxIter
IM1,2,2,sd,dwolfe,7,500,32505,11505,maxIter
IM1,2,2,sd,qwolfe,8,500,33942,12985,maxIter
IM1,2,2,sd,dwolfe,8,500,32505,11505,maxIter
IM1,2,2,sd,qwolfe,9,500,33942,12985,maxIter
IM1,2,2,sd,dwolfe,9,500,32505,11505,maxIter
IM1,2,2,sd,qwolfe,10,500,33942,12985,maxIter
IM1,2,2,sd,dwolfe,10,500,32505,11505,maxIter
IM1,2,2,sd,qwolfe,11,500,33942,12985,maxIter
IM1,2,2,sd,dwolfe,11,500,32505,11505,maxIter
IM1,2,2,sd,qwolfe,12,500,33939,12981,maxIter
IM1,2,2,sd,dwolfe,12,500,32505,11505,maxIter
IM1,2,2,sd,qwolfe,13,500,33876,12960,maxIter
IM1,2,2,sd,dwolfe,13,500,32505,11505,maxIter
IM1,2,2,sd,qwolfe,14,500,33942,12985,maxIter
IM1,2,2,sd,dwolfe,14,500,32505,11505,maxIter
IM1,2,2,sd,qwolfe,15,500,33942,12985,maxIter
IM1,2,2,sd,dwolfe,15,500,32505,11505,maxIter
IM1,2,2,sd,qwolfe,16,500,33942,12985,maxIter
IM1,2,2,sd,dwolfe,16,500,32505,11505,maxIter
IM1,2,2,sd,qwolfe,17,500,33942,12985,maxIter
IM1,2,2,sd,dwolfe,17,500,32505,11505,maxIter
IM1,2,2,sd,qwolfe,18,500,33942,12985,maxIter
IM1,2,2,sd,dwolfe,18,500,32505,11505,maxIter
IM1,2,2,sd,qwolfe,19,500,33942,12985,maxIter
IM1,2,2,sd,dwolfe,19,500,32505,11505,maxIter
IM1,2,2,sd,qwolfe,20,500,33942,12985,maxIter
IM1,2,2,sd,dwolfe,20,500,32505,11505,maxIter
IM1,2,2,sd,qwolfe,21,500,33942,12985,maxIter
IM1,2,2,sd,dwolfe,21,500,32505,11505,maxIter
IM1,2,2,sd,qwolfe,22,500,33942,12985,maxIter
IM1,2,2,sd,dwolfe,22,500,32505,11505,maxIter
IM1,2,2,sd,qwolfe,23,500,33942,12985,maxIter
IM1,2,2,sd,dwolfe,23,500,32505,11505,maxIter
IM1,2,2,sd,qwolfe,24,500,33942,12985,maxIter
IM1,2,2,sd,dwolfe,24,500,32505,11505,maxIter
IM1,2,2,sd,qwolfe,25,500,33942,12985,maxIter
IM1,2,2,sd,dwolfe,25,500,32505,11505,maxIter
IM1,2,2,sd,qwolfe,26,500,33942,12985,maxIter
IM1,2,2,sd,dwolfe,26,500,32505,11505,maxIter
IM1,2,2,sd,qwolfe,27,500,33942,12985,maxIter
IM1,2,2,sd,dwolfe,27,500,32505,11505,maxIter
IM1,2,2,sd,qwolfe,28,500,33942,12985,maxIter
IM1,2,2,sd,dwolfe,28,500,32505,11505,maxIter
IM1,2,2,sd,qwolfe,29,500,33942,12985,maxIter
IM1,2,2,sd,dwolfe,29,500,32505,11505,maxIter
IM1,2,2,sd,qwolfe,30,500,33942,12985,maxIter
IM1,2,2,sd,dwolfe,30,500,32505,11505,maxIter
IM1,2,2,sd,qwolfe,31,500,33942,12985,maxIter
IM1,2,2,sd,dwolfe,31,500,32505,11505,maxIter
IM1,2,2,sd,qwolfe,32,500,33942,12985,maxIter
IM1,2,2,sd,dwolfe,32,500,32505,11505,maxIter
IM1,2,2,sd,qwolfe,33,500,33942,12985,maxIter
IM1,2,2,sd,dwolfe,33,500,32505,11505,maxIter
IM1,2,2,sd,qwolfe,34,500,33942,12985,maxIter
IM1,2,2,sd,dwolfe,34,500,32505,11505,maxIter
IM1,2,2,sd,qwolfe,35,500,33942,12985,maxIter
IM1,2,2,sd,dwolfe,35,500,32505,11505,maxIter
IM1,2,2,sd,qwolfe,36,500,33942,12985,maxIter
IM1,2,2,sd,dwolfe,36,500,32505,11505,maxIter
IM1,2,2,sd,qwolfe,37,500,33942,12985,maxIter
IM1,2,2,sd,dwolfe,37,500,32505,11505,maxIter
IM1,2,2,sd,qwolfe,38,500,33942,12985,maxIter
IM1,2,2,sd,dwolfe,38,500,32505,11505,maxIter
IM1,2,2,sd,qwolfe,39,500,33942,12985,maxIter
IM1,2,2,sd,dwolfe,39,500,32505,11505,maxIter
IM1,2,2,sd,qwolfe,40,500,33942,12985,maxIter
IM1,2,2,sd,dwolfe,40,500,32505,11505,maxIter
IM1,2,2,sd,qwolfe,41,500,33942,12985,maxIter
IM1,2,2,sd,dwolfe,41,500,32505,11505,maxIter
IM1,2,2,sd,qwolfe,42,500,33942,12985,maxIter
IM1,2,2,sd,dwolfe,42,500,32505,11505,maxIter
IM1,2,2,sd,qwolfe,43,500,33942,12985,maxIter
IM1,2,2,sd,dwolfe,43,500,32505,11505,maxIter
IM1,2,2,sd,qwolfe,44,500,33942,12985,maxIter
IM1,2,2,sd,dwolfe,44,500,32505,11505,maxIter
IM1,2,2,sd,qwolfe,45,500,33942,12985,maxIter
IM1,2,2,sd,dwolfe,45,500,32505,11505,maxIter
IM1,2,2,sd,qwolfe,46,500,33942,12985,maxIter
IM1,2,2,sd,dwolfe,46,500,32505,11505,maxIter
IM1,2,2,sd,qwolfe,47,500,33942,12985,maxIter
IM1,2,2,sd,dwolfe,47,500,32505,11505,maxIter
IM1,2,2,sd,qwolfe,48,500,33942,12985,maxIter
IM1,2,2,sd,dwolfe,48,500,32505,11505,maxIter
IM1,2,2,sd,qwolfe,49,500,33942,12985,maxIter
IM1,2,2,sd,dwolfe,49,500,32505,11505,maxIter
IM1,2,2,sd,qwolfe,50,500,33942,12985,maxIter
IM1,2,2,sd,dwolfe,50,500,32505,11505,maxIter
IM1,2,2,sd,qwolfe,51,500,33942,12985,maxIter
IM1,2,2,sd,dwolfe,51,500,32505,11505,maxIter
IM1,2,2,sd,qwolfe,52,500,33942,12985,maxIter
IM1,2,2,sd,dwolfe,52,500,32505,11505,maxIter
IM1,2,2,sd,qwolfe,53,500,33942,12985,maxIter
IM1,2,2,sd,dwolfe,53,500,32505,11505,maxIter
IM1,2,2,sd,qwolfe,54,500,33942,12985,maxIter
IM1,2,2,sd,dwolfe,54,500,32505,11505,maxIter
IM1,2,2,sd,qwolfe,55,500,33942,12985,maxIter
IM1,2,2,sd,dwolfe,55,500,32505,11505,maxIter
IM1,2,2,sd,qwolfe,56,500,33942,12985,maxIter
IM1,2,2,sd,dwolfe,56,500,32505,11505,maxIter
IM1,2,2,sd,qwolfe,57,500,33942,12985,maxIter
IM1,2,2,sd,dwolfe,57,500,32505,11505,maxIter
IM1,2,2,sd,qwolfe,58,500,33942,12985,maxIter
IM1,2,2,sd,dwolfe,58,500,32505,11505,maxIter
IM1,2,2,sd,qwolfe,59,500,33942,12985,maxIter
IM1,2,2,sd,dwolfe,59,500,32505,11505,maxIter
IM1,2,2,sd,qwolfe,60,500,33939,12981,maxIter
IM1,2,2,sd,dwolfe,60,500,32505,11505,maxIter
IM1,2,2,sd,qwolfe,61,500,33942,12985,maxIter
IM1,2,2,sd,dwolfe,61,500,32505,11505,maxIter
IM1,2,2,sd,qwolfe,62,500,33942,12985,maxIter
IM1,2,2,sd,dwolfe,62,500,32505,11505,maxIter
IM1,2,2,sd,qwolfe,63,500,33942,12985,maxIter
IM1,2,2,sd,dwolfe,63,500,32505,11505,maxIter
IM1,2,2,sd,qwolfe,64,500,33942,12985,maxIter
IM1,2,2,sd,dwolfe,64,500,32505,11505,maxIter
IM1,2,2,sd,qwolfe,65,500,33876,12960,maxIter
IM1,2,2,sd,dwolfe,65,500,32505,11505,maxIter
IM1,2,2,sd,qwolfe,66,500,33942,12985,maxIter
IM1,2,2,sd,dwolfe,66,500,32505,11505,maxIter
IM1,2,2,sd,qwolfe,67,500,33942,12985,maxIter
IM1,2,2,sd,dwolfe,67,500,32505,11505,maxIter
IM1,2,2,sd,qwolfe,68,500,33942,12985,maxIter
IM1,2,2,sd,dwolfe,68,500,32505,11505,maxIter
IM1,2,2,sd,qwolfe,69,500,33942,12985,maxIter
IM1,2,2,sd,dwolfe,69,500,32505,11505,maxIter
IM1,2,2,sd,qwolfe,70,500,33942,12985,maxIter
IM1,2,2,sd,dwolfe,70,500,32505,11505,maxIter
IM1,2,2,sd,qwolfe,71,500,33942,12985,maxIter
IM1,2,2,sd,dwolfe,71,500,32505,11505,maxIter
IM1,2,2,sd,qwolfe,72,500,33942,12985,maxIter
IM1,2,2,sd,dwolfe,72,500,32505,11505,maxIter
IM1,2,2,sd,qwolfe,73,500,33942,12985,maxIter
IM1,2,2,sd,dwolfe,73,500,32505,11505,maxIter
IM1,2,2,sd,qwolfe,74,500,33942,12985,maxIter
IM1,2,2,sd,dwolfe,74,500,32505,11505,maxIter
IM1,2,2,sd,qwolfe,75,500,33942,12985,maxIter
IM1,2,2,sd,dwolfe,75,500,32505,11505,maxIter
IM1,2,2,sd,qwolfe,76,500,33942,12985,maxIter
IM1,2,2,sd,dwolfe,76,500,32505,11505,maxIter
IM1,2,2,sd,qwolfe,77,500,33942,12985,maxIter
IM1,2,2,sd,dwolfe,77,500,32505,11505,maxIter
IM1,2,2,sd,qwolfe,78,500,33942,12985,maxIter
IM1,2,2,sd,dwolfe,78,500,32505,11505,maxIter
IM1,2,2,sd,qwolfe,79,500,33942,12985,maxIter
IM1,2,2,sd,dwolfe,79,500,32505,11505,maxIter
IM1,2,2,sd,qwolfe,80,500,33942,12985,maxIter
IM1,2,2,sd,dwolfe,80,500,32505,11505,maxIter
IM1,2,2,sd,qwolfe,81,500,33942,12985,maxIter
IM1,2,2,sd,dwolfe,81,500,32505,11505,maxIter
IM1,2,2,sd,qwolfe,82,500,33942,12985,maxIter
IM1,2,2,sd,dwolfe,82,500,32505,11505,maxIter
IM1,2,2,sd,qwolfe,83,500,33942,12985,maxIter
IM1,2,2,sd,dwolfe,83,500,32505,11505,maxIter
IM1,2,2,sd,qwolfe,84,500,33942,12985,maxIter
IM1,2,2,sd,dwolfe,84,500,32505,11505,maxIter
IM1,2,2,sd,qwolfe,85,500,33942,12985,maxIter
IM1,2,2,sd,dwolfe,85,500,32505,11505,maxIter
IM1,2,2,sd,qwolfe,86,500,33942,12985,maxIter
IM1,2,2,sd,dwolfe,86,500,32505,11505,maxIter
IM1,2,2,sd,qwolfe,87,500,33942,12985,maxIter
IM1,2,2,sd,dwolfe,87,500,32505,11505,maxIter
IM1,2,2,sd,qwolfe,88,500,33942,12985,maxIter
IM1,2,2,sd,dwolfe,88,500,32505,11505,maxIter
IM1,2,2,sd,qwolfe,89,500,33942,12985,maxIter
IM1,2,2,sd,dwolfe,89,500,32505,11505,maxIter
IM1,2,2,sd,qwolfe,90,500,33942,12985,maxIter
IM1,2,2,sd,dwolfe,90,500,32505,11505,maxIter
IM1,2,2,sd,qwolfe,91,500,33942,12985,maxIter
IM1,2,2,sd,dwolfe,91,500,32505,11505,maxIter
IM1,2,2,sd,qwolfe,92,500,33942,12985,maxIter
IM1,2,2,sd,dwolfe,92,500,32505,11505,maxIter
IM1,2,2,sd,qwolfe,93,500,33942,12985,maxIter
IM1,2,2,sd,dwolfe,93,500,32505,11505,maxIter
IM1,2,2,sd,qwolfe,94,500,33942,12985,maxIter
IM1,2,2,sd,dwolfe,94,500,32505,11505,maxIter
IM1,2,2,sd,qwolfe,95,500,33942,12985,maxIter
IM1,2,2,sd,dwolfe,95,500,32505,11505,maxIter
IM1,2,2,sd,qwolfe,96,500,33942,12985,maxIter
IM1,2,2,sd,dwolfe,96,500,32505,11505,maxIter
IM1,2,2,sd,qwolfe,97,500,33939,12981,maxIter
IM1,2,2,sd,dwolfe,97,500,32505,11505,maxIter
IM1,2,2,sd,qwolfe,98,500,33942,12985,maxIter
IM1,2,2,sd,dwolfe,98,500,32505,11505,maxIter
IM1,2,2,sd,qwolfe,99,500,33942,12985,maxIter
IM1,2,2,sd,dwolfe,99,500,32505,11505,maxIter
IM1,2,2,sd,qwolfe,100,500,33939,12981,maxIter
IM1,2,2,sd,dwolfe,100,500,32505,11505,maxIter
Kur1,3,2,sd,qwolfe,1,500,60786,41275,maxIter
Kur1,3,2,sd,dwolfe,1,500,59052,39661,maxIter
Kur1,3,2,sd,qwolfe,2,500,60669,41197,maxIter
Kur1,3,2,sd,dwolfe,2,500,58992,39641,maxIter
Kur1,3,2,sd,qwolfe,3,500,60723,41253,maxIter
Kur1,3,2,sd,dwolfe,3,500,59106,39718,maxIter
Kur1,3,2,sd,qwolfe,4,500,60786,41274,maxIter
Kur1,3,2,sd,dwolfe,4,500,59052,39660,maxIter
Kur1,3,2,sd,qwolfe,5,500,60786,41274,maxIter
Kur1,3,2,sd,dwolfe,5,500,58992,39641,maxIter
Kur1,3,2,sd,qwolfe,6,500,60786,41274,maxIter
Kur1,3,2,sd,dwolfe,6,500,59106,39718,maxIter
Kur1,3,2,sd,qwolfe,7,500,60789,41278,maxIter
Kur1,3,2,sd,dwolfe,7,500,59052,39661,maxIter
Kur1,3,2,sd,qwolfe,8,500,60669,41197,maxIter
Kur1,3,2,sd,dwolfe,8,500,58992,39641,maxIter
Kur1,3,2,sd,qwolfe,9,500,60615,41139,maxIter
Kur1,3,2,sd,dwolfe,9,500,58992,39641,maxIter
Kur1,3,2,sd,qwolfe,10,500,60732,41217,maxIter
Kur1,3,2,sd,dwolfe,10,500,59052,39660,maxIter
Kur1,3,2,sd,qwolfe,11,500,60732,41217,maxIter
Kur1,3,2,sd,dwolfe,11,500,59052,39660,maxIter
Kur1,3,2,sd,qwolfe,12,500,60786,41275,maxIter
Kur1,3,2,sd,dwolfe,12,500,59052,39661,maxIter
Kur1,3,2,sd,qwolfe,13,500,60732,41217,maxIter
Kur1,3,2,sd,dwolfe,13,500,59106,39718,maxIter
Kur1,3,2,sd,qwolfe,14,500,60789,41278,maxIter
Kur1,3,2,sd,dwolfe,14,500,59052,39661,maxIter
Kur1,3,2,sd,qwolfe,15,500,60669,41196,maxIter
Kur1,3,2,sd,dwolfe,15,500,58992,39641,maxIter
Kur1,3,2,sd,qwolfe,16,500,60618,41142,maxIter
Kur1,3,2,sd,dwolfe,16,500,58992,39641,maxIter
Kur1,3,2,sd,qwolfe,17,500,60732,41217,maxIter
Kur1,3,2,sd,dwolfe,17,500,59052,39660,maxIter
Kur1,3,2,sd,qwolfe,18,500,60786,41275,maxIter
Kur1,3,2,sd,dwolfe,18,500,59106,39718,maxIter
Kur1,3,2,sd,qwolfe,19,500,60669,41196,maxIter
Kur1,3,2,sd,dwolfe,19,500,58992,39641,maxIter
Kur1,3,2,sd,qwolfe,20,500,60786,41274,maxIter
Kur1,3,2,sd,dwolfe,20,500,59106,39717,maxIter
Kur1,3,2,sd,qwolfe,21,500,60786,41274,maxIter
Kur1,3,2,sd,dwolfe,21,500,58992,39641,maxIter
Kur1,3,2,sd,qwolfe,22,500,60735,41220,maxIter
Kur1,3,2,sd,dwolfe,22,500,59052,39660,maxIter
Kur1,3,2,sd,qwolfe,23,500,60789,41277,maxIter
Kur1,3,2,sd,dwolfe,23,500,59052,39660,maxIter
Kur1,3,2,sd,qwolfe,24,500,60735,41220,maxIter
Kur1,3,2,sd,dwolfe,24,500,59052,39660,maxIter
Kur1,3,2,sd,qwolfe,25,500,60786,41274,maxIter
Kur1,3,2,sd,dwolfe,25,500,58992,39641,maxIter
Kur1,3,2,sd,qwolfe,26,500,60732,41217,maxIter
Kur1,3,2,sd,dwolfe,26,500,58992,39641,maxIter
Kur1,3,2,sd,qwolfe,27,500,60786,41274,maxIter
Kur1,3,2,sd,dwolfe,27,500,58992,39641,maxIter
Kur1,3,2,sd,qwolfe,28,500,60615,41139,maxIter
Kur1,3,2,sd,dwolfe,28,500,59052,39660,maxIter
Kur1,3,2,sd,qwolfe,29,500,60732,41217,maxIter
Kur1,3,2,sd,dwolfe,29,500,59052,39660,maxIter
Kur1,3,2,sd,qwolfe,30,500,60669,41196,maxIter
Kur1,3,2,sd,dwolfe,30,500,58992,39641,maxIter
Kur1,3,2,sd,qwolfe,31,500,60789,41277,maxIter
Kur1,3,2,sd,dwolfe,31,500,58992,39641,maxIter
Kur1,3,2,sd,qwolfe,32,500,60789,41277,maxIter
Kur1,3,2,sd,dwolfe,32,500,58992,39641,maxIter
Kur1,3,2,sd,qwolfe,33,500,60732,41217,maxIter
Kur1,3,2,sd,dwolfe,33,500,58992,39641,maxIter
Kur1,3,2,sd,qwolfe,34,500,60669,41196,maxIter
Kur1,3,2,sd,dwolfe,34,500,59052,39661,maxIter
Kur1,3,2,sd,qwolfe,35,500,60732,41217,maxIter
Kur1,3,2,sd,dwolfe,35,500,59052,39660,maxIter
Kur1,3,2,sd,qwolfe,36,500,60786,41274,maxIter
Kur1,3,2,sd,dwolfe,36,500,58992,39641,maxIter
Kur1,3,2,sd,qwolfe,37,500,60735,41220,maxIter
Kur1,3,2,sd,dwolfe,37,500,59052,39660,maxIter
Kur1,3,2,sd,qwolfe,38,500,60786,41275,maxIter
Kur1,3,2,sd,dwolfe,38,500,59052,39661,maxIter
Kur1,3,2,sd,qwolfe,39,500,60669,41197,maxIter
Kur1,3,2,sd,dwolfe,39,500,58992,39641,maxIter
Kur1,3,2,sd,qwolfe,40,500,60786,41274,maxIter
Kur1,3,2,sd,dwolfe,40,500,58992,39641,maxIter
Kur1,3,2,sd,qwolfe,41,500,60669,41196,maxIter
Kur1,3,2,sd,dwolfe,41,500,58992,39641,maxIter
Kur1,3,2,sd,qwolfe,42,500,60786,41274,maxIter
Kur1,3,2,sd,dwolfe,42,500,58992,39641,maxIter
Kur1,3,2,sd,qwolfe,43,500,60732,41217,maxIter
Kur1,3,2,sd,dwolfe,43,500,59052,39660,maxIter
Kur1,3,2,sd,qwolfe,44,500,60615,41139,maxIter
Kur1,3,2,sd,dwolfe,44,500,58992,39641,maxIter
Kur1,3,2,sd,qwolfe,45,500,60669,41196,maxIter
Kur1,3,2,sd,dwolfe,45,500,58992,39641,maxIter
Kur1,3,2,sd,qwolfe,46,500,60786,41274,maxIter
Kur1,3,2,sd,dwolfe,46,500,58992,39641,maxIter
Kur1,3,2,sd,qwolfe,47,500,60789,41277,maxIter
Kur1,3,2,sd,dwolfe,47,500,59052,39660,maxIter
Kur1,3,2,sd,qwolfe,48,500,60732,41217,maxIter
Kur1,3,2,sd,dwolfe,48,500,58992,39641,maxIter
Kur1,3,2,sd,qwolfe,49,500,60615,41139,maxIter
Kur1,3,2,sd,dwolfe,49,500,58992,39641,maxIter
Kur1,3,2,sd,qwolfe,50,500,60789,41277,maxIter
Kur1,3,2,sd,dwolfe,50,500,58992,39641,maxIter
Kur1,3,2,sd,qwolfe,51,500,60786,41275,maxIter
Kur1,3,2,sd,dwolfe,51,500,59106,39718,maxIter
Kur1,3,2,sd,qwolfe,52,500,60789,41277,maxIter
Kur1,3,2,sd,dwolfe,52,500,58992,39641,maxIter
Kur1,3,2,sd,qwolfe,53,500,60786,41275,maxIter
Kur1,3,2,sd,dwolfe,53,500,59052,39661,maxIter
Kur1,3,2,sd,qwolfe,54,500,60732,41217,maxIter
Kur1,3,2,sd,dwolfe,54,500,59052,39660,maxIter
Kur1,3,2,sd,qwolfe,55,500,60786,41275,maxIter
Kur1,3,2,sd,dwolfe,55,500,59052,39661,maxIter
Kur1,3,2,sd,qwolfe,56,500,60615,41139,maxIter
Kur1,3,2,sd,dwolfe,56,500,58992,39641,maxIter
Kur1,3,2,sd,qwolfe,57,500,60786,41274,maxIter
Kur1,3,2,sd,dwolfe,57,500,58992,39641,maxIter
Kur1,3,2,sd,qwolfe,58,500,60789,41277,maxIter
Kur1,3,2,sd,dwolfe,58,500,58992,39641,maxIter
Kur1,3,2,sd,qwolfe,59,500,60669,41196,maxIter
Kur1,3,2,sd,dwolfe,59,500,58992,39641,maxIter
Kur1,3,2,sd,qwolfe,60,500,60735,41220,maxIter
Kur1,3,2,sd,dwolfe,60,500,59052,39660,maxIter
Kur1,3,2,sd,qwolfe,61,500,60786,41274,maxIter
Kur1,3,2,sd,dwolfe,61,500,58992,39641,maxIter
Kur1,3,2,sd,qwolfe,62,500,60732,41217,maxIter
Kur1,3,2,sd,dwolfe,62,500,59052,39660,maxIter
Kur1,3,2,sd,qwolfe,63,500,60786,41274,maxIter
Kur1,3,2,sd,dwolfe,63,500,58992,39641,maxIter
Kur1,3,2,sd,qwolfe,64,500,60786,41274,maxIter
Kur1,3,2,sd,dwolfe,64,500,58992,39641,maxIter
Kur1,3,2,sd,qwolfe,65,500,60735,41220,maxIter
Kur1,3,2,sd,dwolfe,65,500,58992,39641,maxIter
Kur1,3,2,sd,qwolfe,66,500,60786,41274,maxIter
Kur1,3,2,sd,dwolfe,66,500,58992,39641,maxIter
Kur1,3,2,sd,qwolfe,67,500,60786,41274,maxIter
Kur1,3,2,sd,dwolfe,67,500,58992,39641,maxIter
Kur1,3,2,sd,qwolfe,68,500,60732,41217,maxIter
Kur1,3,2,sd,dwolfe,68,500,58992,39641,maxIter
Kur1,3,2,sd,qwolfe,69,500,60735,41220,maxIter
Kur1,3,2,sd,dwolfe,69,500,58992,39641,maxIter
Kur1,3,2,sd,qwolfe,70,500,60735,41220,maxIter
Kur1,3,2,sd,dwolfe,70,500,59052,39660,maxIter
Kur1,3,2,sd,qwolfe,71,500,60615,41139,maxIter
Kur1,3,2,sd,dwolfe,71,500,59052,39660,maxIter
Kur1,3,2,sd,qwolfe,72,500,60732,41217,maxIter
Kur1,3,2,sd,dwolfe,72,500,58992,39641,maxIter
Kur1,3,2,sd,qwolfe,73,500,60786,41274,maxIter
Kur1,3,2,sd,dwolfe,73,500,58992,39641,maxIter
Kur1,3,2,sd,qwolfe,74,500,60786,41274,maxIter
Kur1,3,2,sd,dwolfe,74,500,58992,39641,maxIter
Kur1,3,2,sd,qwolfe,75,500,60786,41274,maxIter
Kur1,3,2,sd,dwolfe,75,500,58992,39641,maxIter
Kur1,3,2,sd,qwolfe,76,500,60732,41217,maxIter
Kur1,3,2,sd,dwolfe,76,500,58992,39641,maxIter
Kur1,3,2,sd,qwolfe,77,500,60786,41274,maxIter
Kur1,3,2,sd,dwolfe,77,500,59052,39660,maxIter
Kur1,3,2,sd,qwolfe,78,500,60786,41274,maxIter
Kur1,3,2,sd,dwolfe,78,500,59052,39660,maxIter
Kur1,3,2,sd,qwolfe,79,500,60732,41217,maxIter
Kur1,3,2,sd,dwolfe,79,500,59052,39660,maxIter
Kur1,3,2,sd,qwolfe,80,500,60735,41220,maxIter
Kur1,3,2,sd,dwolfe,80,500,59052,39660,maxIter
Kur1,3,2,sd,qwolfe,81,500,60786,41274,maxIter
Kur1,3,2,sd,dwolfe,81,500,58992,39641,maxIter
Kur1,3,2,sd,qwolfe,82,500,60735,41220,maxIter
Kur1,3,2,sd,dwolfe,82,500,58992,39641,maxIter
Kur1,3,2,sd,qwolfe,83,500,60786,41274,maxIter
Kur1,3,2,sd,dwolfe,83,500,59052,39660,maxIter
Kur1,3,2,sd,qwolfe,84,500,60786,41274,maxIter
Kur1,3,2,sd,dwolfe,84,500,58992,39641,maxIter
Kur1,3,2,sd,qwolfe,85,500,60786,41275,maxIter
Kur1,3,2,sd,dwolfe,85,500,59052,39661,maxIter
Kur1,3,2,sd,qwolfe,86,500,60669,41196,maxIter
Kur1,3,2,sd,dwolfe,86,500,58992,39641,maxIter
Kur1,3,2,sd,qwolfe,87,500,60786,41275,maxIter
Kur1,3,2,sd,dwolfe,87,500,59052,39661,maxIter
Kur1,3,2,sd,qwolfe,88,500,60786,41274,maxIter
Kur1,3,2,sd,dwolfe,88,500,59052,39660,maxIter
Kur1,3,2,sd,qwolfe,89,500,60732,41217,maxIter
Kur1,3,2,sd,dwolfe,89,500,58992,39641,maxIter
Kur1,3,2,sd,qwolfe,90,500,60615,41139,maxIter
Kur1,3,2,sd,dwolfe,90,500,58992,39641,maxIter
Kur1,3,2,sd,qwolfe,91,500,60789,41278,maxIter
Kur1,3,2,sd,dwolfe,91,500,59106,39718,maxIter
Kur1,3,2,sd,qwolfe,92,500,60786,41274,maxIter
Kur1,3,2,sd,dwolfe,92,500,58992,39641,maxIter
Kur1,3,2,sd,qwolfe,93,500,60786,41274,maxIter
Kur1,3,2,sd,dwolfe,93,500,58992,39641,maxIter
Kur1,3,2,sd,qwolfe,94,500,60786,41274,maxIter
Kur1,3,2,sd,dwolfe,94,500,58992,39641,maxIter
Kur1,3,2,sd,qwolfe,95,500,60669,41197,maxIter
Kur1,3,2,sd,dwolfe,95,500,58992,39641,maxIter
Kur1,3,2,sd,qwolfe,96,500,60669,41196,maxIter
Kur1,3,2,sd,dwolfe,96,500,58992,39641,maxIter
Kur1,3,2,sd,qwolfe,97,500,60732,41217,maxIter
Kur1,3,2,sd,dwolfe,97,500,58992,39641,maxIter
Kur1,3,2,sd,qwolfe,98,500,60732,41217,maxIter
Kur1,3,2,sd,dwolfe,98,500,58992,39641,maxIter
Kur1,3,2,sd,qwolfe,99,500,60786,41275,maxIter
Kur1,3,2,sd,dwolfe,99,500,59106,39718,maxIter
Kur1,3,2,sd,qwolfe,100,500,60735,41220,maxIter
Kur1,3,2,sd,dwolfe,100,500,59052,39660,maxIter
LTDZ1,3,3,sd,qwolfe,1,500,31941,13537,maxIter
LTDZ1,3,3,sd,dwolfe,1,500,26916,10744,maxIter
LTDZ1,3,3,sd,qwolfe,2,500,32031,13512,maxIter
LTDZ1,3,3,sd,dwolfe,2,500,29055,11491,maxIter
LTDZ1,3,3,sd,qwolfe,3,500,32004,13513,maxIter
LTDZ1,3,3,sd,dwolfe,3,500,28617,11225,maxIter
LTDZ1,3,3,sd,qwolfe,4,500,31932,13436,maxIter
LTDZ1,3,3,sd,dwolfe,4,500,27396,10841,maxIter
LTDZ1,3,3,sd,qwolfe,5,500,31710,13338,maxIter
LTDZ1,3,3,sd,dwolfe,5,500,27483,10877,maxIter
LTDZ1,3,3,sd,qwolfe,6,500,32301,13526,maxIter
LTDZ1,3,3,sd,dwolfe,6,500,28497,11261,maxIter
LTDZ1,3,3,sd,qwolfe,7,500,32304,13482,maxIter
LTDZ1,3,3,sd,dwolfe,7,500,29430,11535,maxIter
LTDZ1,3,3,sd,qwolfe,8,500,31926,13424,maxIter
LTDZ1,3,3,sd,dwolfe,8,500,29625,11724,maxIter
LTDZ1,3,3,sd,qwolfe,9,500,32211,13479,maxIter
LTDZ1,3,3,sd,dwolfe,9,500,29880,11665,maxIter
LTDZ1,3,3,sd,qwolfe,10,500,31239,13322,maxIter
LTDZ1,3,3,sd,dwolfe,10,500,27648,11032,maxIter
LTDZ1,3,3,sd,qwolfe,11,500,31836,13404,maxIter
LTDZ1,3,3,sd,dwolfe,11,500,29556,11649,maxIter
LTDZ1,3,3,sd,qwolfe,12,500,31893,13472,maxIter
LTDZ1,3,3,sd,dwolfe,12,500,28050,11052,maxIter
LTDZ1,3,3,sd,qwolfe,13,500,32334,13672,maxIter
LTDZ1,3,3,sd,dwolfe,13,500,27912,11050,maxIter
LTDZ1,3,3,sd,qwolfe,14,500,32754,13749,maxIter
LTDZ1,3,3,sd,dwolfe,14,500,28551,11377,maxIter
LTDZ1,3,3,sd,qwolfe,15,500,31527,13296,maxIter
LTDZ1,3,3,sd,dwolfe,15,500,26622,10680,maxIter
LTDZ1,3,3,sd,qwolfe,16,500,31962,13418,maxIter
LTDZ1,3,3,sd,dwolfe,16,500,29508,11537,maxIter
LTDZ1,3,3,sd,qwolfe,17,500,31554,13311,maxIter
LTDZ1,3,3,sd,dwolfe,17,500,27948,11135,maxIter
LTDZ1,3,3,sd,qwolfe,18,500,31635,13335,maxIter
LTDZ1,3,3,sd,dwolfe,18,500,28716,11485,maxIter
LTDZ1,3,3,sd,qwolfe,19,500,31584,13342,maxIter
LTDZ1,3,3,sd,dwolfe,19,500,27372,10814,maxIter
LTDZ1,3,3,sd,qwolfe,20,500,31443,13211,maxIter
LTDZ1,3,3,sd,dwolfe,20,500,29046,11485,maxIter
LTDZ1,3,3,sd,qwolfe,21,500,32010,13517,maxIter
LTDZ1,3,3,sd,dwolfe,21,500,29100,11510,maxIter
LTDZ1,3,3,sd,qwolfe,22,500,32094,13459,maxIter
LTDZ1,3,3,sd,dwolfe,22,500,28905,11411,maxIter
LTDZ1,3,3,sd,qwolfe,23,500,32163,13520,maxIter
LTDZ1,3,3,sd,dwolfe,23,500,28437,11254,maxIter
LTDZ1,3,3,sd,qwolfe,24,500,32484,13657,maxIter
LTDZ1,3,3,sd,dwolfe,24,500,29703,11884,maxIter
LTDZ1,3,3,sd,qwolfe,25,500,31818,13453,maxIter
LTDZ1,3,3,sd,dwolfe,25,500,28284,11273,maxIter
LTDZ1,3,3,sd,qwolfe,26,500,32148,13475,maxIter
LTDZ1,3,3,sd,dwolfe,26,500,30012,11789,maxIter
LTDZ1,3,3,sd,qwolfe,27,500,32670,13621,maxIter
LTDZ1,3,3,sd,dwolfe,27,500,28839,11334,maxIter
LTDZ1,3,3,sd,qwolfe,28,500,32010,13531,maxIter
LTDZ1,3,3,sd,dwolfe,28,500,30366,12066,maxIter
LTDZ1,3,3,sd,qwolfe,29,500,31293,13174,maxIter
LTDZ1,3,3,sd,dwolfe,29,500,28860,11532,maxIter
LTDZ1,3,3,sd,qwolfe,30,500,31797,13403,maxIter
LTDZ1,3,3,sd,dwolfe,30,500,29610,11617,maxIter
LTDZ1,3,3,sd,qwolfe,31,500,32490,13658,maxIter
LTDZ1,3,3,sd,dwolfe,31,500,27534,10934,maxIter
LTDZ1,3,3,sd,qwolfe,32,500,32049,13696,maxIter
LTDZ1,3,3,sd,dwolfe,32,500,27768,11089,maxIter
LTDZ1,3,3,sd,qwolfe,33,500,32025,13620,maxIter
LTDZ1,3,3,sd,dwolfe,33,500,27699,10994,maxIter
LTDZ1,3,3,sd,qwolfe,34,500,31926,13457,maxIter
LTDZ1,3,3,sd,dwolfe,34,500,28722,11327,maxIter
LTDZ1,3,3,sd,qwolfe,35,500,31605,13467,maxIter
LTDZ1,3,3,sd,dwolfe,35,500,26253,10535,maxIter
LTDZ1,3,3,sd,qwolfe,36,500,31788,13389,maxIter
LTDZ1,3,3,sd,dwolfe,36,500,28422,11266,maxIter
LTDZ1,3,3,sd,qwolfe,37,500,32652,13577,maxIter
LTDZ1,3,3,sd,dwolfe,37,500,29376,11516,maxIter
LTDZ1,3,3,sd,qwolfe,38,500,31776,13409,maxIter
LTDZ1,3,3,sd,dwolfe,38,500,27627,11000,maxIter
LTDZ1,3,3,sd,qwolfe,39,500,32340,13625,maxIter
LTDZ1,3,3,sd,dwolfe,39,500,29019,11470,maxIter
LTDZ1,3,3,sd,qwolfe,40,500,31623,13375,maxIter
LTDZ1,3,3,sd,dwolfe,40,500,26535,10609,maxIter
LTDZ1,3,3,sd,qwolfe,41,500,31776,13364,maxIter
LTDZ1,3,3,sd,dwolfe,41,500,29595,11555,maxIter
LTDZ1,3,3,sd,qwolfe,42,500,31143,13190,maxIter
LTDZ1,3,3,sd,dwolfe,42,500,27783,11009,maxIter
LTDZ1,3,3,sd,qwolfe,43,500,31737,13451,maxIter
LTDZ1,3,3,sd,dwolfe,43,500,28257,11189,maxIter
LTDZ1,3,3,sd,qwolfe,44,500,31704,13287,maxIter
LTDZ1,3,3,sd,dwolfe,44,500,28848,11338,maxIter
LTDZ1,3,3,sd,qwolfe,45,500,31497,13324,maxIter
LTDZ1,3,3,sd,dwolfe,45,500,29268,11636,maxIter
LTDZ1,3,3,sd,qwolfe,46,500,32901,13905,maxIter
LTDZ1,3,3,sd,dwolfe,46,500,27999,11100,maxIter
LTDZ1,3,3,sd,qwolfe,47,500,32418,13494,maxIter
LTDZ1,3,3,sd,dwolfe,47,500,29358,11558,maxIter
LTDZ1,3,3,sd,qwolfe,48,500,32124,13433,maxIter
LTDZ1,3,3,sd,dwolfe,48,500,28941,11448,maxIter
LTDZ1,3,3,sd,qwolfe,49,500,32070,13523,maxIter
LTDZ1,3,3,sd,dwolfe,49,500,29055,11491,maxIter
LTDZ1,3,3,sd,qwolfe,50,500,31731,13391,maxIter
LTDZ1,3,3,sd,dwolfe,50,500,28806,11322,maxIter
LTDZ1,3,3,sd,qwolfe,51,500,31215,13289,maxIter
LTDZ1,3,3,sd,dwolfe,51,500,25812,10392,maxIter
LTDZ1,3,3,sd,qwolfe,52,500,32082,13603,maxIter
LTDZ1,3,3,sd,dwolfe,52,500,27549,10957,maxIter
LTDZ1,3,3,sd,qwolfe,53,500,32517,13669,maxIter
LTDZ1,3,3,sd,dwolfe,53,500,29073,11462,maxIter
LTDZ1,3,3,sd,qwolfe,54,500,31848,13592,maxIter
LTDZ1,3,3,sd,dwolfe,54,500,27747,10960,maxIter
LTDZ1,3,3,sd,qwolfe,55,500,32169,13509,maxIter
LTDZ1,3,3,sd,dwolfe,55,500,30195,11837,maxIter
LTDZ1,3,3,sd,qwolfe,56,500,32031,13469,maxIter
LTDZ1,3,3,sd,dwolfe,56,500,28944,11480,maxIter
LTDZ1,3,3,sd,qwolfe,57,500,32634,13610,maxIter
LTDZ1,3,3,sd,dwolfe,57,500,28338,11125,maxIter
LTDZ1,3,3,sd,qwolfe,58,500,31923,13372,maxIter
LTDZ1,3,3,sd,dwolfe,58,500,28734,11428,maxIter
LTDZ1,3,3,sd,qwolfe,59,500,31962,13345,maxIter
LTDZ1,3,3,sd,dwolfe,59,500,28545,11253,maxIter
LTDZ1,3,3,sd,qwolfe,60,500,32031,13560,maxIter
LTDZ1,3,3,sd,dwolfe,60,500,28164,11096,maxIter
LTDZ1,3,3,sd,qwolfe,61,500,31344,13155,maxIter
LTDZ1,3,3,sd,dwolfe,61,500,28257,11160,maxIter
LTDZ1,3,3,sd,qwolfe,62,500,32154,13506,maxIter
LTDZ1,3,3,sd,dwolfe,62,500,29142,11472,maxIter
LTDZ1,3,3,sd,qwolfe,63,500,32025,13360,maxIter
LTDZ1,3,3,sd,dwolfe,63,500,28659,11251,maxIter
LTDZ1,3,3,sd,qwolfe,64,500,31143,13284,maxIter
LTDZ1,3,3,sd,dwolfe,64,500,25746,10431,maxIter
LTDZ1,3,3,sd,qwolfe,65,500,32124,13421,maxIter
LTDZ1,3,3,sd,dwolfe,65,500,28386,11130,maxIter
LTDZ1,3,3,sd,qwolfe,66,500,32577,13676,maxIter
LTDZ1,3,3,sd,dwolfe,66,500,29082,11448,maxIter
LTDZ1,3,3,sd,qwolfe,67,500,32709,13852,maxIter
LTDZ1,3,3,sd,dwolfe,67,500,27018,10815,maxIter
LTDZ1,3,3,sd,qwolfe,68,500,32070,13527,maxIter
LTDZ1,3,3,sd,dwolfe,68,500,27696,10948,maxIter
LTDZ1,3,3,sd,qwolfe,69,500,31920,13510,maxIter
LTDZ1,3,3,sd,dwolfe,69,500,29340,11542,maxIter
LTDZ1,3,3,sd,qwolfe,70,500,31503,13224,maxIter
LTDZ1,3,3,sd,dwolfe,70,500,29100,11413,maxIter
LTDZ1,3,3,sd,qwolfe,71,500,32136,13561,maxIter
LTDZ1,3,3,sd,dwolfe,71,500,30522,11987,maxIter
LTDZ1,3,3,sd,qwolfe,72,500,32454,13624,maxIter
LTDZ1,3,3,sd,dwolfe,72,500,28236,11180,maxIter
LTDZ1,3,3,sd,qwolfe,73,500,32055,13579,maxIter
LTDZ1,3,3,sd,dwolfe,73,500,27549,10968,maxIter
LTDZ1,3,3,sd,qwolfe,74,500,31665,13406,maxIter
LTDZ1,3,3,sd,dwolfe,74,500,27615,10945,maxIter
LTDZ1,3,3,sd,qwolfe,75,500,32772,13714,maxIter
LTDZ1,3,3,sd,dwolfe,75,500,29700,11591,maxIter
LTDZ1,3,3,sd,qwolfe,76,500,32010,13613,maxIter
LTDZ1,3,3,sd,dwolfe,76,500,27699,10989,maxIter
LTDZ1,3,3,sd,qwolfe,77,500,32103,13511,maxIter
LTDZ1,3,3,sd,dwolfe,77,500,29325,11491,maxIter
LTDZ1,3,3,sd,qwolfe,78,500,31851,13318,maxIter
LTDZ1,3,3,sd,dwolfe,78,500,29193,11540,maxIter
LTDZ1,3,3,sd,qwolfe,79,500,31995,13385,maxIter
LTDZ1,3,3,sd,dwolfe,79,500,28167,11197,maxIter
LTDZ1,3,3,sd,qwolfe,80,500,31752,13394,maxIter
LTDZ1,3,3,sd,dwolfe,80,500,28926,11463,maxIter
LTDZ1,3,3,sd,qwolfe,81,500,31944,13402,maxIter
LTDZ1,3,3,sd,dwolfe,81,500,29301,11496,maxIter
LTDZ1,3,3,sd,qwolfe,82,500,31776,13443,maxIter
LTDZ1,3,3,sd,dwolfe,82,500,26514,10692,maxIter
LTDZ1,3,3,sd,qwolfe,83,500,32445,13512,maxIter
LTDZ1,3,3,sd,dwolfe,83,500,29811,11728,maxIter
LTDZ1,3,3,sd,qwolfe,84,500,32148,13568,maxIter
LTDZ1,3,3,sd,dwolfe,84,500,28857,11490,maxIter
LTDZ1,3,3,sd,qwolfe,85,500,31833,13348,maxIter
LTDZ1,3,3,sd,dwolfe,85,500,28131,11078,maxIter
LTDZ1,3,3,sd,qwolfe,86,500,32799,13864,maxIter
LTDZ1,3,3,sd,dwolfe,86,500,28398,11327,maxIter
LTDZ1,3,3,sd,qwolfe,87,500,32739,13616,maxIter
LTDZ1,3,3,sd,dwolfe,87,500,28608,11249,maxIter
LTDZ1,3,3,sd,qwolfe,88,500,32184,13532,maxIter
LTDZ1,3,3,sd,dwolfe,88,500,29001,11392,maxIter
LTDZ1,3,3,sd,qwolfe,89,500,31575,13228,maxIter
LTDZ1,3,3,sd,dwolfe,89,500,28692,11284,maxIter
LTDZ1,3,3,sd,qwolfe,90,500,32184,13539,maxIter
LTDZ1,3,3,sd,dwolfe,90,500,28689,11305,maxIter
LTDZ1,3,3,sd,qwolfe,91,500,31722,13289,maxIter
LTDZ1,3,3,sd,dwolfe,91,500,28503,11309,maxIter
LTDZ1,3,3,sd,qwolfe,92,500,32055,13432,maxIter
LTDZ1,3,3,sd,dwolfe,92,500,27630,11005,maxIter
LTDZ1,3,3,sd,qwolfe,93,500,32223,13591,maxIter
LTDZ1,3,3,sd,dwolfe,93,500,26820,10663,maxIter
LTDZ1,3,3,sd,qwolfe,94,500,32052,13531,maxIter
LTDZ1,3,3,sd,dwolfe,94,500,27351,10918,maxIter
LTDZ1,3,3,sd,qwolfe,95,500,32028,13579,maxIter
LTDZ1,3,3,sd,dwolfe,95,500,28626,11398,maxIter
LTDZ1,3,3,sd,qwolfe,96,500,31932,13518,maxIter
LTDZ1,3,3,sd,dwolfe,96,500,27471,10846,maxIter
LTDZ1,3,3,sd,qwolfe,97,500,31854,13415,maxIter
LTDZ1,3,3,sd,dwolfe,97,500,29301,11486,maxIter
LTDZ1,3,3,sd,qwolfe,98,500,31701,13417,maxIter
LTDZ1,3,3,sd,dwolfe,98,500,27036,10802,maxIter
LTDZ1,3,3,sd,qwolfe,99,500,31662,13334,maxIter
LTDZ1,3,3,sd,dwolfe,99,500,28245,11159,maxIter
LTDZ1,3,3,sd,qwolfe,100,500,31890,13447,maxIter
LTDZ1,3,3,sd,dwolfe,100,500,28545,11228,maxIter
MLF1,1,2,sd,qwolfe,1,500,56844,37826,maxIter
MLF1,1,2,sd,dwolfe,1,500,55452,36241,maxIter
MLF1,1,2,sd,qwolfe,2,500,56445,37353,maxIter
MLF1,1,2,sd,dwolfe,2,500,55734,36502,maxIter
MLF1,1,2,sd,qwolfe,3,500,56580,37446,maxIter
MLF1,1,2,sd,dwolfe,3,500,55464,36404,maxIter
MLF1,1,2,sd,qwolfe,4,500,56703,37576,maxIter
MLF1,1,2,sd,dwolfe,4,500,55992,36740,maxIter
MLF1,1,2,sd,qwolfe,5,500,57009,37938,maxIter
MLF1,1,2,sd,dwolfe,5,500,55416,36352,maxIter
MLF1,1,2,sd,qwolfe,6,500,56886,37948,maxIter
MLF1,1,2,sd,dwolfe,6,500,55557,36285,maxIter
MLF1,1,2,sd,qwolfe,7,500,56670,37600,maxIter
MLF1,1,2,sd,dwolfe,7,500,55449,36276,maxIter
MLF1,1,2,sd,qwolfe,8,0,2,2,small_direction
MLF1,1,2,sd,dwolfe,8,0,2,2,small_direction
MLF1,1,2,sd,qwolfe,9,500,56943,37971,maxIter
MLF1,1,2,sd,dwolfe,9,500,55254,35971,maxIter
MLF1,1,2,sd,qwolfe,10,0,2,2,small_direction
MLF1,1,2,sd,dwolfe,10,0,2,2,small_direction
MLF1,1,2,sd,qwolfe,11,500,56994,37835,maxIter
MLF1,1,2,sd,dwolfe,11,500,55608,36329,maxIter
MLF1,1,2,sd,qwolfe,12,0,2,2,small_direction
MLF1,1,2,sd,dwolfe,12,0,2,2,small_direction
MLF1,1,2,sd,qwolfe,13,500,56547,37689,maxIter
MLF1,1,2,sd,dwolfe,13,500,55653,36536,maxIter
MLF1,1,2,sd,qwolfe,14,500,56850,37929,maxIter
MLF1,1,2,sd,dwolfe,14,500,55494,36343,maxIter
MLF1,1,2,sd,qwolfe,15,500,56769,37728,maxIter
MLF1,1,2,sd,dwolfe,15,500,55782,36632,maxIter
MLF1,1,2,sd,qwolfe,16,500,57384,38169,maxIter
MLF1,1,2,sd,dwolfe,16,500,56049,36805,maxIter
MLF1,1,2,sd,qwolfe,17,500,56490,37500,maxIter
MLF1,1,2,sd,dwolfe,17,500,55638,36426,maxIter
MLF1,1,2,sd,qwolfe,18,0,2,2,small_direction
MLF1,1,2,sd,dwolfe,18,0,2,2,small_direction
MLF1,1,2,sd,qwolfe,19,500,57027,37978,maxIter
MLF1,1,2,sd,dwolfe,19,500,55716,36615,maxIter
MLF1,1,2,sd,qwolfe,20,500,56892,37710,maxIter
MLF1,1,2,sd,dwolfe,20,500,55647,36427,maxIter
MLF1,1,2,sd,qwolfe,21,500,56805,37807,maxIter
MLF1,1,2,sd,dwolfe,21,500,56106,36997,maxIter
MLF1,1,2,sd,qwolfe,22,500,57267,38327,maxIter
MLF1,1,2,sd,dwolfe,22,500,55833,36680,maxIter
MLF1,1,2,sd,qwolfe,23,500,56967,38005,maxIter
MLF1,1,2,sd,dwolfe,23,500,55530,36341,maxIter
MLF1,1,2,sd,qwolfe,24,500,57081,37945,maxIter
MLF1,1,2,sd,dwolfe,24,500,55713,36485,maxIter
MLF1,1,2,sd,qwolfe,25,500,57144,38013,maxIter
MLF1,1,2,sd,dwolfe,25,500,55680,36429,maxIter
MLF1,1,2,sd,qwolfe,26,500,56931,38004,maxIter
MLF1,1,2,sd,dwolfe,26,500,55800,36724,maxIter
MLF1,1,2,sd,qwolfe,27,500,56817,37773,maxIter
MLF1,1,2,sd,dwolfe,27,500,55740,36583,maxIter
MLF1,1,2,sd,qwolfe,28,500,56967,37891,maxIter
MLF1,1,2,sd,dwolfe,28,500,55632,36454,maxIter
MLF1,1,2,sd,qwolfe,29,500,56736,37555,maxIter
MLF1,1,2,sd,dwolfe,29,500,55539,36344,maxIter
MLF1,1,2,sd,qwolfe,30,500,56541,37545,maxIter
MLF1,1,2,sd,dwolfe,30,500,55965,36844,maxIter
MLF1,1,2,sd,qwolfe,31,500,56151,37122,maxIter
MLF1,1,2,sd,dwolfe,31,500,55782,36432,maxIter
MLF1,1,2,sd,qwolfe,32,500,57183,38072,maxIter
MLF1,1,2,sd,dwolfe,32,500,55779,36630,maxIter
MLF1,1,2,sd,qwolfe,33,500,56970,37837,maxIter
MLF1,1,2,sd,dwolfe,33,500,55986,36873,maxIter
MLF1,1,2,sd,qwolfe,34,500,56409,37234,maxIter
MLF1,1,2,sd,dwolfe,34,500,55506,36258,maxIter
MLF1,1,2,sd,qwolfe,35,500,56895,37867,maxIter
MLF1,1,2,sd,dwolfe,35,500,55422,36208,maxIter
MLF1,1,2,sd,qwolfe,36,500,56748,37692,maxIter
MLF1,1,2,sd,dwolfe,36,500,55848,36686,maxIter
MLF1,1,2,sd,qwolfe,37,500,57069,37942,maxIter
MLF1,1,2,sd,dwolfe,37,500,55797,36713,maxIter
MLF1,1,2,sd,qwolfe,38,500,57219,38083,maxIter
MLF1,1,2,sd,dwolfe,38,500,55716,36572,maxIter
MLF1,1,2,sd,qwolfe,39,500,57096,38063,maxIter
MLF1,1,2,sd,dwolfe,39,500,55575,36444,maxIter
MLF1,1,2,sd,qwolfe,40,500,56697,37609,maxIter
MLF1,1,2,sd,dwolfe,40,500,55671,36525,maxIter
MLF1,1,2,sd,qwolfe,41,500,56739,37792,maxIter
MLF1,1,2,sd,dwolfe,41,500,55674,36400,maxIter
MLF1,1,2,sd,qwolfe,42,500,56832,37811,maxIter
MLF1,1,2,sd,dwolfe,42,500,55554,36318,maxIter
MLF1,1,2,sd,qwolfe,43,500,56946,37847,maxIter
MLF1,1,2,sd,dwolfe,43,500,55647,36425,maxIter
MLF1,1,2,sd,qwolfe,44,500,56901,37928,maxIter
MLF1,1,2,sd,dwolfe,44,500,55659,36587,maxIter
MLF1,1,2,sd,qwolfe,45,500,56973,37862,maxIter
MLF1,1,2,sd,dwolfe,45,500,55692,36522,maxIter
MLF1,1,2,sd,qwolfe,46,500,56826,37889,maxIter
MLF1,1,2,sd,dwolfe,46,500,55428,36156,maxIter
MLF1,1,2,sd,qwolfe,47,500,57054,37864,maxIter
MLF1,1,2,sd,dwolfe,47,500,55515,36191,maxIter
MLF1,1,2,sd,qwolfe,48,500,56715,37723,maxIter
MLF1,1,2,sd,dwolfe,48,500,56076,36844,maxIter
MLF1,1,2,sd,qwolfe,49,500,56952,37862,maxIter
MLF1,1,2,sd,dwolfe,49,500,55704,36530,maxIter
MLF1,1,2,sd,qwolfe,50,500,56526,37506,maxIter
MLF1,1,2,sd,dwolfe,50,500,55473,36287,maxIter
MLF1,1,2,sd,qwolfe,51,500,57156,38195,maxIter
MLF1,1,2,sd,dwolfe,51,500,55884,36838,maxIter
MLF1,1,2,sd,qwolfe,52,500,57066,38044,maxIter
MLF1,1,2,sd,dwolfe,52,500,55446,36248,maxIter
MLF1,1,2,sd,qwolfe,53,0,2,2,small_direction
MLF1,1,2,sd,dwolfe,53,0,2,2,small_direction
MLF1,1,2,sd,qwolfe,54,500,57126,38076,maxIter
MLF1,1,2,sd,dwolfe,54,500,55674,36594,maxIter
MLF1,1,2,sd,qwolfe,55,500,57066,37939,maxIter
MLF1,1,2,sd,dwolfe,55,500,55311,36076,maxIter
MLF1,1,2,sd,qwolfe,56,500,56889,37701,maxIter
MLF1,1,2,sd,dwolfe,56,500,55872,36700,maxIter
MLF1,1,2,sd,qwolfe,57,500,56850,37623,maxIter
MLF1,1,2,sd,dwolfe,57,500,55644,36346,maxIter
MLF1,1,2,sd,qwolfe,58,500,56994,37840,maxIter
MLF1,1,2,sd,dwolfe,58,500,55383,36254,maxIter
MLF1,1,2,sd,qwolfe,59,500,56928,37892,maxIter
MLF1,1,2,sd,dwolfe,59,500,55641,36393,maxIter
MLF1,1,2,sd,qwolfe,60,500,56940,37896,maxIter
MLF1,1,2,sd,dwolfe,60,500,55563,36482,maxIter
MLF1,1,2,sd,qwolfe,61,500,56979,38021,maxIter
MLF1,1,2,sd,dwolfe,61,500,56040,36832,maxIter
MLF1,1,2,sd,qwolfe,62,500,57174,38094,maxIter
MLF1,1,2,sd,dwolfe,62,500,55635,36467,maxIter
MLF1,1,2,sd,qwolfe,63,500,57012,37886,maxIter
MLF1,1,2,sd,dwolfe,63,500,55662,36553,maxIter
MLF1,1,2,sd,qwolfe,64,500,56682,37512,maxIter
MLF1,1,2,sd,dwolfe,64,500,55956,36730,maxIter
MLF1,1,2,sd,qwolfe,65,500,56835,37814,maxIter
MLF1,1,2,sd,dwolfe,65,500,55839,36731,maxIter
MLF1,1,2,sd,qwolfe,66,500,56556,37557,maxIter
MLF1,1,2,sd,dwolfe,66,500,55650,36389,maxIter
MLF1,1,2,sd,qwolfe,67,500,57015,38003,maxIter
MLF1,1,2,sd,dwolfe,67,500,55746,36573,maxIter
MLF1,1,2,sd,qwolfe,68,500,56625,37544,maxIter
MLF1,1,2,sd,dwolfe,68,500,55656,36435,maxIter
MLF1,1,2,sd,qwolfe,69,0,2,2,small_direction
MLF1,1,2,sd,dwolfe,69,0,2,2,small_direction
MLF1,1,2,sd,qwolfe,70,500,56697,37665,maxIter
MLF1,1,2,sd,dwolfe,70,500,55845,36612,maxIter
MLF1,1,2,sd,qwolfe,71,500,56937,37775,maxIter
MLF1,1,2,sd,dwolfe,71,500,55848,36698,maxIter
MLF1,1,2,sd,qwolfe,72,500,57033,37940,maxIter
MLF1,1,2,sd,dwolfe,72,500,55446,36252,maxIter
MLF1,1,2,sd,qwolfe,73,500,56955,37901,maxIter
MLF1,1,2,sd,dwolfe,73,500,55785,36674,maxIter
MLF1,1,2,sd,qwolfe,74,500,56832,37835,maxIter
MLF1,1,2,sd,dwolfe,74,500,55695,36444,maxIter
MLF1,1,2,sd,qwolfe,75,0,2,2,small_direction
MLF1,1,2,sd,dwolfe,75,0,2,2,small_direction
MLF1,1,2,sd,qwolfe,76,500,56928,38052,maxIter
MLF1,1,2,sd,dwolfe,76,500,55773,36686,maxIter
MLF1,1,2,sd,qwolfe,77,500,57123,38146,maxIter
MLF1,1,2,sd,dwolfe,77,500,55416,36187,maxIter
MLF1,1,2,sd,qwolfe,78,500,57003,37949,maxIter
MLF1,1,2,sd,dwolfe,78,500,55656,36515,maxIter
MLF1,1,2,sd,qwolfe,79,500,57096,38070,maxIter
MLF1,1,2,sd,dwolfe,79,500,55659,36393,maxIter
MLF1,1,2,sd,qwolfe,80,500,56712,37818,maxIter
MLF1,1,2,sd,dwolfe,80,500,55596,36454,maxIter
MLF1,1,2,sd,qwolfe,81,500,56934,37856,maxIter
MLF1,1,2,sd,dwolfe,81,500,55389,36141,maxIter
MLF1,1,2,sd,qwolfe,82,500,56940,37888,maxIter
MLF1,1,2,sd,dwolfe,82,500,55884,36753,maxIter
MLF1,1,2,sd,qwolfe,83,500,57420,38228,maxIter
MLF1,1,2,sd,dwolfe,83,500,55482,36296,maxIter
MLF1,1,2,sd,qwolfe,84,500,56559,37520,maxIter
MLF1,1,2,sd,dwolfe,84,500,55806,36413,maxIter
MLF1,1,2,sd,qwolfe,85,500,56874,37745,maxIter
MLF1,1,2,sd,dwolfe,85,500,55671,36424,maxIter
MLF1,1,2,sd,qwolfe,86,500,56829,37847,maxIter
MLF1,1,2,sd,dwolfe,86,500,55884,36666,maxIter
MLF1,1,2,sd,qwolfe,87,500,57045,38015,maxIter
MLF1,1,2,sd,dwolfe,87,500,55698,36481,maxIter
MLF1,1,2,sd,qwolfe,88,500,56733,37797,maxIter
MLF1,1,2,sd,dwolfe,88,500,55764,36623,maxIter
MLF1,1,2,sd,qwolfe,89,500,56754,37789,maxIter
MLF1,1,2,sd,dwolfe,89,500,55779,36592,maxIter
MLF1,1,2,sd,qwolfe,90,500,57252,37978,maxIter
MLF1,1,2,sd,dwolfe,90,500,55749,36464,maxIter
MLF1,1,2,sd,qwolfe,91,0,2,2,small_direction
MLF1,1,2,sd,dwolfe,91,0,2,2,small_direction
MLF1,1,2,sd,qwolfe,92,500,57027,37929,maxIter
MLF1,1,2,sd,dwolfe,92,500,55422,36227,maxIter
MLF1,1,2,sd,qwolfe,93,500,57171,38093,maxIter
MLF1,1,2,sd,dwolfe,93,500,55767,36595,maxIter
MLF1,1,2,sd,qwolfe,94,500,56631,37568,maxIter
MLF1,1,2,sd,dwolfe,94,500,55947,36685,maxIter
MLF1,1,2,sd,qwolfe,95,500,56886,37914,maxIter
MLF1,1,2,sd,dwolfe,95,500,55836,36662,maxIter
MLF1,1,2,sd,qwolfe,96,500,56490,37556,maxIter
MLF1,1,2,sd,dwolfe,96,500,55887,36798,maxIter
MLF1,1,2,sd,qwolfe,97,0,2,2,small_direction
MLF1,1,2,sd,dwolfe,97,0,2,2,small_direction
MLF1,1,2,sd,qwolfe,98,500,56487,37442,maxIter
MLF1,1,2,sd,dwolfe,98,500,55503,36305,maxIter
MLF1,1,2,sd,qwolfe,99,500,56958,38043,maxIter
MLF1,1,2,sd,dwolfe,99,500,55722,36604,maxIter
MLF1,1,2,sd,qwolfe,100,500,57180,38124,maxIter
MLF1,1,2,sd,dwolfe,100,500,55467,36286,maxIter
SP1,2,2,sd,qwolfe,1,500,55788,36786,maxIter
SP1,2,2,sd,dwolfe,1,500,54102,35100,maxIter
SP1,2,2,sd,qwolfe,2,500,55992,37002,maxIter
SP1,2,2,sd,dwolfe,2,500,54318,35328,maxIter
SP1,2,2,sd,qwolfe,3,500,55788,36787,maxIter
SP1,2,2,sd,dwolfe,3,500,54102,35101,maxIter
SP1,2,2,sd,qwolfe,4,500,55329,36301,maxIter
SP1,2,2,sd,dwolfe,4,500,53616,34588,maxIter
SP1,2,2,sd,qwolfe,5,500,55890,36894,maxIter
SP1,2,2,sd,dwolfe,5,500,54210,35214,maxIter
SP1,2,2,sd,qwolfe,6,500,56514,37510,maxIter
SP1,2,2,sd,dwolfe,6,500,54864,35860,maxIter
SP1,2,2,sd,qwolfe,7,500,55215,36224,maxIter
SP1,2,2,sd,dwolfe,7,500,53502,34511,maxIter
SP1,2,2,sd,qwolfe,8,500,55674,36710,maxIter
SP1,2,2,sd,dwolfe,8,500,53988,35024,maxIter
SP1,2,2,sd,qwolfe,9,500,56667,37672,maxIter
SP1,2,2,sd,dwolfe,9,500,55026,36031,maxIter
SP1,2,2,sd,qwolfe,10,500,54960,35954,maxIter
SP1,2,2,sd,dwolfe,10,500,53232,34226,maxIter
SP1,2,2,sd,qwolfe,11,500,55953,36917,maxIter
SP1,2,2,sd,dwolfe,11,500,54270,35234,maxIter
SP1,2,2,sd,qwolfe,12,500,56094,37110,maxIter
SP1,2,2,sd,dwolfe,12,500,54426,35442,maxIter
SP1,2,2,sd,qwolfe,13,500,55164,36170,maxIter
SP1,2,2,sd,dwolfe,13,500,53448,34454,maxIter
SP1,2,2,sd,qwolfe,14,500,56196,37218,maxIter
SP1,2,2,sd,dwolfe,14,500,54534,35556,maxIter
SP1,2,2,sd,qwolfe,15,500,55674,36710,maxIter
SP1,2,2,sd,dwolfe,15,500,53988,35024,maxIter
SP1,2,2,sd,qwolfe,16,500,55368,36386,maxIter
SP1,2,2,sd,dwolfe,16,500,53664,34682,maxIter
SP1,2,2,sd,qwolfe,17,500,55227,36193,maxIter
SP1,2,2,sd,dwolfe,17,500,53508,34474,maxIter
SP1,2,2,sd,qwolfe,18,500,55368,36386,maxIter
SP1,2,2,sd,dwolfe,18,500,53664,34682,maxIter
SP1,2,2,sd,qwolfe,19,500,55992,37002,maxIter
SP1,2,2,sd,dwolfe,19,500,54318,35328,maxIter
SP1,2,2,sd,qwolfe,20,500,55890,36894,maxIter
SP1,2,2,sd,dwolfe,20,500,54210,35214,maxIter
SP1,2,2,sd,qwolfe,21,500,55725,36764,maxIter
SP1,2,2,sd,dwolfe,21,500,54042,35081,maxIter
SP1,2,2,sd,qwolfe,22,500,55839,36840,maxIter
SP1,2,2,sd,dwolfe,22,500,54156,35157,maxIter
SP1,2,2,sd,qwolfe,23,500,55992,37002,maxIter
SP1,2,2,sd,dwolfe,23,500,54318,35328,maxIter
SP1,2,2,sd,qwolfe,24,500,55113,36116,maxIter
SP1,2,2,sd,dwolfe,24,500,53394,34397,maxIter
SP1,2,2,sd,qwolfe,25,500,56565,37564,maxIter
SP1,2,2,sd,dwolfe,25,500,54918,35917,maxIter
SP1,2,2,sd,qwolfe,26,500,55011,36009,maxIter
SP1,2,2,sd,dwolfe,26,500,53286,34284,maxIter
SP1,2,2,sd,qwolfe,27,500,56196,37218,maxIter
SP1,2,2,sd,dwolfe,27,500,54534,35556,maxIter
SP1,2,2,sd,qwolfe,28,500,56247,37272,maxIter
SP1,2,2,sd,dwolfe,28,500,54588,35613,maxIter
SP1,2,2,sd,qwolfe,29,500,56820,37834,maxIter
SP1,2,2,sd,dwolfe,29,500,55188,36202,maxIter
SP1,2,2,sd,qwolfe,30,500,56412,37402,maxIter
SP1,2,2,sd,dwolfe,30,500,54756,35746,maxIter
SP1,2,2,sd,qwolfe,31,500,56145,37164,maxIter
SP1,2,2,sd,dwolfe,31,500,54480,35499,maxIter
SP1,2,2,sd,qwolfe,32,500,55953,36917,maxIter
SP1,2,2,sd,dwolfe,32,500,54270,35234,maxIter
SP1,2,2,sd,qwolfe,33,500,55482,36463,maxIter
SP1,2,2,sd,dwolfe,33,500,53778,34759,maxIter
SP1,2,2,sd,qwolfe,34,500,55788,36786,maxIter
SP1,2,2,sd,dwolfe,34,500,54102,35100,maxIter
SP1,2,2,sd,qwolfe,35,500,55839,36840,maxIter
SP1,2,2,sd,dwolfe,35,500,54156,35157,maxIter
SP1,2,2,sd,qwolfe,36,500,56094,37110,maxIter
SP1,2,2,sd,dwolfe,36,500,54426,35442,maxIter
SP1,2,2,sd,qwolfe,37,500,55317,36332,maxIter
SP1,2,2,sd,dwolfe,37,500,53610,34625,maxIter
SP1,2,2,sd,qwolfe,38,500,55788,36786,maxIter
SP1,2,2,sd,dwolfe,38,500,54102,35100,maxIter
SP1,2,2,sd,qwolfe,39,500,55890,36894,maxIter
SP1,2,2,sd,dwolfe,39,500,54210,35214,maxIter
SP1,2,2,sd,qwolfe,40,500,55470,36494,maxIter
SP1,2,2,sd,dwolfe,40,500,53772,34796,maxIter
SP1,2,2,sd,qwolfe,41,500,55419,36440,maxIter
SP1,2,2,sd,dwolfe,41,500,53718,34739,maxIter
SP1,2,2,sd,qwolfe,42,500,55992,37002,maxIter
SP1,2,2,sd,dwolfe,42,500,54318,35328,maxIter
SP1,2,2,sd,qwolfe,43,500,56565,37564,maxIter
SP1,2,2,sd,dwolfe,43,500,54918,35917,maxIter
SP1,2,2,sd,qwolfe,44,500,54795,35824,maxIter
SP1,2,2,sd,dwolfe,44,500,53064,34093,maxIter
SP1,2,2,sd,qwolfe,45,500,55521,36548,maxIter
SP1,2,2,sd,dwolfe,45,500,53826,34853,maxIter
SP1,2,2,sd,qwolfe,46,500,55368,36386,maxIter
SP1,2,2,sd,dwolfe,46,500,53664,34682,maxIter
SP1,2,2,sd,qwolfe,47,500,55941,36948,maxIter
SP1,2,2,sd,dwolfe,47,500,54264,35271,maxIter
SP1,2,2,sd,qwolfe,48,500,55737,36733,maxIter
SP1,2,2,sd,dwolfe,48,500,54048,35044,maxIter
SP1,2,2,sd,qwolfe,49,500,55992,37002,maxIter
SP1,2,2,sd,dwolfe,49,500,54318,35328,maxIter
SP1,2,2,sd,qwolfe,50,500,55737,36732,maxIter
SP1,2,2,sd,dwolfe,50,500,54048,35043,maxIter
SP1,2,2,sd,qwolfe,51,500,56247,37272,maxIter
SP1,2,2,sd,dwolfe,51,500,54588,35613,maxIter
SP1,2,2,sd,qwolfe,52,500,55788,36786,maxIter
SP1,2,2,sd,dwolfe,52,500,54102,35100,maxIter
SP1,2,2,sd,qwolfe,53,500,55839,36840,maxIter
SP1,2,2,sd,dwolfe,53,500,54156,35157,maxIter
SP1,2,2,sd,qwolfe,54,500,55266,36278,maxIter
SP1,2,2,sd,dwolfe,54,500,53556,34568,maxIter
SP1,2,2,sd,qwolfe,55,500,56349,37380,maxIter
SP1,2,2,sd,dwolfe,55,500,54696,35727,maxIter
SP1,2,2,sd,qwolfe,56,500,55470,36494,maxIter
SP1,2,2,sd,dwolfe,56,500,53772,34796,maxIter
SP1,2,2,sd,qwolfe,57,500,56718,37726,maxIter
SP1,2,2,sd,dwolfe,57,500,55080,36088,maxIter
SP1,2,2,sd,qwolfe,58,500,55470,36494,maxIter
SP1,2,2,sd,dwolfe,58,500,53772,34796,maxIter
SP1,2,2,sd,qwolfe,59,500,55674,36710,maxIter
SP1,2,2,sd,dwolfe,59,500,53988,35024,maxIter
SP1,2,2,sd,qwolfe,60,500,56145,37164,maxIter
SP1,2,2,sd,dwolfe,60,500,54480,35499,maxIter
SP1,2,2,sd,qwolfe,61,500,56298,37326,maxIter
SP1,2,2,sd,dwolfe,61,500,54642,35670,maxIter
SP1,2,2,sd,qwolfe,62,500,55470,36494,maxIter
SP1,2,2,sd,dwolfe,62,500,53772,34796,maxIter
SP1,2,2,sd,qwolfe,63,500,55686,36679,maxIter
SP1,2,2,sd,dwolfe,63,500,53994,34987,maxIter
SP1,2,2,sd,qwolfe,64,500,55839,36840,maxIter
SP1,2,2,sd,dwolfe,64,500,54156,35157,maxIter
SP1,2,2,sd,qwolfe,65,500,56196,37218,maxIter
SP1,2,2,sd,dwolfe,65,500,54534,35556,maxIter
SP1,2,2,sd,qwolfe,66,500,55674,36710,maxIter
SP1,2,2,sd,dwolfe,66,500,53988,35024,maxIter
SP1,2,2,sd,qwolfe,67,500,56094,37110,maxIter
SP1,2,2,sd,dwolfe,67,500,54426,35442,maxIter
SP1,2,2,sd,qwolfe,68,500,56055,37025,maxIter
SP1,2,2,sd,dwolfe,68,500,54378,35348,maxIter
SP1,2,2,sd,qwolfe,69,500,54795,35824,maxIter
SP1,2,2,sd,dwolfe,69,500,53064,34093,maxIter
SP1,2,2,sd,qwolfe,70,500,54909,35901,maxIter
SP1,2,2,sd,dwolfe,70,500,53178,34170,maxIter
SP1,2,2,sd,qwolfe,71,500,56043,37056,maxIter
SP1,2,2,sd,dwolfe,71,500,54372,35385,maxIter
SP1,2,2,sd,qwolfe,72,500,55521,36548,maxIter
SP1,2,2,sd,dwolfe,72,500,53826,34853,maxIter
SP1,2,2,sd,qwolfe,73,500,55215,36224,maxIter
SP1,2,2,sd,dwolfe,73,500,53502,34511,maxIter
SP1,2,2,sd,qwolfe,74,500,55266,36278,maxIter
SP1,2,2,sd,dwolfe,74,500,53556,34568,maxIter
SP1,2,2,sd,qwolfe,75,500,55725,36764,maxIter
SP1,2,2,sd,dwolfe,75,500,54042,35081,maxIter
SP1,2,2,sd,qwolfe,76,500,55470,36494,maxIter
SP1,2,2,sd,dwolfe,76,500,53772,34796,maxIter
SP1,2,2,sd,qwolfe,77,500,56004,36971,maxIter
SP1,2,2,sd,dwolfe,77,500,54324,35291,maxIter
SP1,2,2,sd,qwolfe,78,500,55572,36602,maxIter
SP1,2,2,sd,dwolfe,78,500,53880,34910,maxIter
SP1,2,2,sd,qwolfe,79,500,54795,35824,maxIter
SP1,2,2,sd,dwolfe,79,500,53064,34093,maxIter
SP1,2,2,sd,qwolfe,80,500,55470,36494,maxIter
SP1,2,2,sd,dwolfe,80,500,53772,34796,maxIter
SP1,2,2,sd,qwolfe,81,500,55533,36517,maxIter
SP1,2,2,sd,dwolfe,81,500,53832,34816,maxIter
SP1,2,2,sd,qwolfe,82,500,54960,35954,maxIter
SP1,2,2,sd,dwolfe,82,500,53232,34226,maxIter
SP1,2,2,sd,qwolfe,83,500,55839,36840,maxIter
SP1,2,2,sd,dwolfe,83,500,54156,35157,maxIter
SP1,2,2,sd,qwolfe,84,500,55368,36386,maxIter
SP1,2,2,sd,dwolfe,84,500,53664,34682,maxIter
SP1,2,2,sd,qwolfe,85,500,55992,37002,maxIter
SP1,2,2,sd,dwolfe,85,500,54318,35328,maxIter
SP1,2,2,sd,qwolfe,86,500,56514,37510,maxIter
SP1,2,2,sd,dwolfe,86,500,54864,35860,maxIter
SP1,2,2,sd,qwolfe,87,500,55062,36062,maxIter
SP1,2,2,sd,dwolfe,87,500,53340,34340,maxIter
SP1,2,2,sd,qwolfe,88,500,56145,37164,maxIter
SP1,2,2,sd,dwolfe,88,500,54480,35499,maxIter
SP1,2,2,sd,qwolfe,89,500,54846,35878,maxIter
SP1,2,2,sd,dwolfe,89,500,53118,34150,maxIter
SP1,2,2,sd,qwolfe,90,500,56043,37056,maxIter
SP1,2,2,sd,dwolfe,90,500,54372,35385,maxIter
SP1,2,2,sd,qwolfe,91,500,55674,36710,maxIter
SP1,2,2,sd,dwolfe,91,500,53988,35024,maxIter
SP1,2,2,sd,qwolfe,92,500,55470,36494,maxIter
SP1,2,2,sd,dwolfe,92,500,53772,34796,maxIter
SP1,2,2,sd,qwolfe,93,500,56871,37888,maxIter
SP1,2,2,sd,dwolfe,93,500,55242,36259,maxIter
SP1,2,2,sd,qwolfe,94,500,55572,36602,maxIter
SP1,2,2,sd,dwolfe,94,500,53880,34910,maxIter
SP1,2,2,sd,qwolfe,95,500,55572,36602,maxIter
SP1,2,2,sd,dwolfe,95,500,53880,34910,maxIter
SP1,2,2,sd,qwolfe,96,500,55368,36386,maxIter
SP1,2,2,sd,dwolfe,96,500,53664,34682,maxIter
SP1,2,2,sd,qwolfe,97,500,55686,36679,maxIter
SP1,2,2,sd,dwolfe,97,500,53994,34987,maxIter
SP1,2,2,sd,qwolfe,98,500,56247,37272,maxIter
SP1,2,2,sd,dwolfe,98,500,54588,35613,maxIter
SP1,2,2,sd,qwolfe,99,500,55482,36463,maxIter
SP1,2,2,sd,dwolfe,99,500,53778,34759,maxIter
SP1,2,2,sd,qwolfe,100,500,56412,37402,maxIter
SP1,2,2,sd,dwolfe,100,500,54756,35746,maxIter
SSFYY1,2,2,sd,qwolfe,1,500,55113,36116,maxIter
SSFYY1,2,2,sd,dwolfe,1,500,53394,34397,maxIter
SSFYY1,2,2,sd,qwolfe,2,500,55011,36008,maxIter
SSFYY1,2,2,sd,dwolfe,2,500,53286,34283,maxIter
SSFYY1,2,2,sd,qwolfe,3,500,55419,36440,maxIter
SSFYY1,2,2,sd,dwolfe,3,500,53718,34739,maxIter
SSFYY1,2,2,sd,qwolfe,4,500,55176,36139,maxIter
SSFYY1,2,2,sd,dwolfe,4,500,53454,34417,maxIter
SSFYY1,2,2,sd,qwolfe,5,500,55521,36548,maxIter
SSFYY1,2,2,sd,dwolfe,5,500,53826,34853,maxIter
SSFYY1,2,2,sd,qwolfe,6,500,55317,36332,maxIter
SSFYY1,2,2,sd,dwolfe,6,500,53610,34625,maxIter
SSFYY1,2,2,sd,qwolfe,7,500,54897,35932,maxIter
SSFYY1,2,2,sd,dwolfe,7,500,53172,34207,maxIter
SSFYY1,2,2,sd,qwolfe,8,500,54744,35770,maxIter
SSFYY1,2,2,sd,dwolfe,8,500,53010,34036,maxIter
SSFYY1,2,2,sd,qwolfe,9,500,54744,35770,maxIter
SSFYY1,2,2,sd,dwolfe,9,500,53010,34036,maxIter
SSFYY1,2,2,sd,qwolfe,10,500,55227,36193,maxIter
SSFYY1,2,2,sd,dwolfe,10,500,53508,34474,maxIter
SSFYY1,2,2,sd,qwolfe,11,500,55113,36116,maxIter
SSFYY1,2,2,sd,dwolfe,11,500,53394,34397,maxIter
SSFYY1,2,2,sd,qwolfe,12,500,55062,36062,maxIter
SSFYY1,2,2,sd,dwolfe,12,500,53340,34340,maxIter
SSFYY1,2,2,sd,qwolfe,13,500,54960,35955,maxIter
SSFYY1,2,2,sd,dwolfe,13,500,53232,34227,maxIter
SSFYY1,2,2,sd,qwolfe,14,500,55890,36894,maxIter
SSFYY1,2,2,sd,dwolfe,14,500,54210,35214,maxIter
SSFYY1,2,2,sd,qwolfe,15,500,55419,36440,maxIter
SSFYY1,2,2,sd,dwolfe,15,500,53718,34739,maxIter
SSFYY1,2,2,sd,qwolfe,16,500,54960,35955,maxIter
SSFYY1,2,2,sd,dwolfe,16,500,53232,34227,maxIter
SSFYY1,2,2,sd,qwolfe,17,500,54795,35824,maxIter
SSFYY1,2,2,sd,dwolfe,17,500,53064,34093,maxIter
SSFYY1,2,2,sd,qwolfe,18,500,54960,35954,maxIter
SSFYY1,2,2,sd,dwolfe,18,500,53232,34226,maxIter
SSFYY1,2,2,sd,qwolfe,19,500,54846,35878,maxIter
SSFYY1,2,2,sd,dwolfe,19,500,53118,34150,maxIter
SSFYY1,2,2,sd,qwolfe,20,500,54858,35847,maxIter
SSFYY1,2,2,sd,dwolfe,20,500,53124,34113,maxIter
SSFYY1,2,2,sd,qwolfe,21,500,55521,36548,maxIter
SSFYY1,2,2,sd,dwolfe,21,500,53826,34853,maxIter
SSFYY1,2,2,sd,qwolfe,22,500,55317,36332,maxIter
SSFYY1,2,2,sd,dwolfe,22,500,53610,34625,maxIter
SSFYY1,2,2,sd,qwolfe,23,500,55317,36332,maxIter
SSFYY1,2,2,sd,dwolfe,23,500,53610,34625,maxIter
SSFYY1,2,2,sd,qwolfe,24,500,55176,36139,maxIter
SSFYY1,2,2,sd,dwolfe,24,500,53454,34417,maxIter
SSFYY1,2,2,sd,qwolfe,25,500,55164,36170,maxIter
SSFYY1,2,2,sd,dwolfe,25,500,53448,34454,maxIter
SSFYY1,2,2,sd,qwolfe,26,500,55572,36602,maxIter
SSFYY1,2,2,sd,dwolfe,26,500,53880,34910,maxIter
SSFYY1,2,2,sd,qwolfe,27,500,55062,36062,maxIter
SSFYY1,2,2,sd,dwolfe,27,500,53340,34340,maxIter
SSFYY1,2,2,sd,qwolfe,28,500,55623,36656,maxIter
SSFYY1,2,2,sd,dwolfe,28,500,53934,34967,maxIter
SSFYY1,2,2,sd,qwolfe,29,500,55164,36170,maxIter
SSFYY1,2,2,sd,dwolfe,29,500,53448,34454,maxIter
SSFYY1,2,2,sd,qwolfe,30,500,54909,35900,maxIter
SSFYY1,2,2,sd,dwolfe,30,500,53178,34169,maxIter
SSFYY1,2,2,sd,qwolfe,31,500,55584,36571,maxIter
SSFYY1,2,2,sd,dwolfe,31,500,53886,34873,maxIter
SSFYY1,2,2,sd,qwolfe,32,500,55215,36224,maxIter
SSFYY1,2,2,sd,dwolfe,32,500,53502,34511,maxIter
SSFYY1,2,2,sd,qwolfe,33,500,55215,36224,maxIter
SSFYY1,2,2,sd,dwolfe,33,500,53502,34511,maxIter
SSFYY1,2,2,sd,qwolfe,34,500,55992,37002,maxIter
SSFYY1,2,2,sd,dwolfe,34,500,54318,35328,maxIter
SSFYY1,2,2,sd,qwolfe,35,500,54846,35878,maxIter
SSFYY1,2,2,sd,dwolfe,35,500,53118,34150,maxIter
SSFYY1,2,2,sd,qwolfe,36,500,55368,36386,maxIter
SSFYY1,2,2,sd,dwolfe,36,500,53664,34682,maxIter
SSFYY1,2,2,sd,qwolfe,37,500,55164,36170,maxIter
SSFYY1,2,2,sd,dwolfe,37,500,53448,34454,maxIter
SSFYY1,2,2,sd,qwolfe,38,500,54960,35954,maxIter
SSFYY1,2,2,sd,dwolfe,38,500,53232,34226,maxIter
SSFYY1,2,2,sd,qwolfe,39,500,55329,36301,maxIter
SSFYY1,2,2,sd,dwolfe,39,500,53616,34588,maxIter
SSFYY1,2,2,sd,qwolfe,40,500,55215,36224,maxIter
SSFYY1,2,2,sd,dwolfe,40,500,53502,34511,maxIter
SSFYY1,2,2,sd,qwolfe,41,500,54744,35770,maxIter
SSFYY1,2,2,sd,dwolfe,41,500,53010,34036,maxIter
SSFYY1,2,2,sd,qwolfe,42,500,55635,36625,maxIter
SSFYY1,2,2,sd,dwolfe,42,500,53940,34930,maxIter
SSFYY1,2,2,sd,qwolfe,43,500,55941,36948,maxIter
SSFYY1,2,2,sd,dwolfe,43,500,54264,35271,maxIter
SSFYY1,2,2,sd,qwolfe,44,500,55470,36494,maxIter
SSFYY1,2,2,sd,dwolfe,44,500,53772,34796,maxIter
SSFYY1,2,2,sd,qwolfe,45,500,55368,36386,maxIter
SSFYY1,2,2,sd,dwolfe,45,500,53664,34682,maxIter
SSFYY1,2,2,sd,qwolfe,46,500,55368,36386,maxIter
SSFYY1,2,2,sd,dwolfe,46,500,53664,34682,maxIter
SSFYY1,2,2,sd,qwolfe,47,500,55419,36440,maxIter
SSFYY1,2,2,sd,dwolfe,47,500,53718,34739,maxIter
SSFYY1,2,2,sd,qwolfe,48,500,55176,36139,maxIter
SSFYY1,2,2,sd,dwolfe,48,500,53454,34417,maxIter
SSFYY1,2,2,sd,qwolfe,49,500,55011,36009,maxIter
SSFYY1,2,2,sd,dwolfe,49,500,53286,34284,maxIter
SSFYY1,2,2,sd,qwolfe,50,500,55164,36170,maxIter
SSFYY1,2,2,sd,dwolfe,50,500,53448,34454,maxIter
SSFYY1,2,2,sd,qwolfe,51,500,55737,36732,maxIter
SSFYY1,2,2,sd,dwolfe,51,500,54048,35043,maxIter
SSFYY1,2,2,sd,qwolfe,52,500,55482,36463,maxIter
SSFYY1,2,2,sd,dwolfe,52,500,53778,34759,maxIter
SSFYY1,2,2,sd,qwolfe,53,500,54858,35847,maxIter
SSFYY1,2,2,sd,dwolfe,53,500,53124,34113,maxIter
SSFYY1,2,2,sd,qwolfe,54,500,54960,35955,maxIter
SSFYY1,2,2,sd,dwolfe,54,500,53232,34227,maxIter
SSFYY1,2,2,sd,qwolfe,55,500,55062,36062,maxIter
SSFYY1,2,2,sd,dwolfe,55,500,53340,34340,maxIter
SSFYY1,2,2,sd,qwolfe,56,500,54795,35824,maxIter
SSFYY1,2,2,sd,dwolfe,56,500,53064,34093,maxIter
SSFYY1,2,2,sd,qwolfe,57,500,54909,35901,maxIter
SSFYY1,2,2,sd,dwolfe,57,500,53178,34170,maxIter
SSFYY1,2,2,sd,qwolfe,58,500,54960,35954,maxIter
SSFYY1,2,2,sd,dwolfe,58,500,53232,34226,maxIter
SSFYY1,2,2,sd,qwolfe,59,500,55572,36602,maxIter
SSFYY1,2,2,sd,dwolfe,59,500,53880,34910,maxIter
SSFYY1,2,2,sd,qwolfe,60,500,55584,36571,maxIter
SSFYY1,2,2,sd,dwolfe,60,500,53886,34873,maxIter
SSFYY1,2,2,sd,qwolfe,61,500,55470,36494,maxIter
SSFYY1,2,2,sd,dwolfe,61,500,53772,34796,maxIter
SSFYY1,2,2,sd,qwolfe,62,500,55062,36062,maxIter
SSFYY1,2,2,sd,dwolfe,62,500,53340,34340,maxIter
SSFYY1,2,2,sd,qwolfe,63,500,54795,35824,maxIter
SSFYY1,2,2,sd,dwolfe,63,500,53064,34093,maxIter
SSFYY1,2,2,sd,qwolfe,64,500,55470,36494,maxIter
SSFYY1,2,2,sd,dwolfe,64,500,53772,34796,maxIter
SSFYY1,2,2,sd,qwolfe,65,500,54846,35878,maxIter
SSFYY1,2,2,sd,dwolfe,65,500,53118,34150,maxIter
SSFYY1,2,2,sd,qwolfe,66,500,55329,36301,maxIter
SSFYY1,2,2,sd,dwolfe,66,500,53616,34588,maxIter
SSFYY1,2,2,sd,qwolfe,67,500,55011,36008,maxIter
SSFYY1,2,2,sd,dwolfe,67,500,53286,34283,maxIter
SSFYY1,2,2,sd,qwolfe,68,500,55164,36170,maxIter
SSFYY1,2,2,sd,dwolfe,68,500,53448,34454,maxIter
SSFYY1,2,2,sd,qwolfe,69,500,55890,36894,maxIter
SSFYY1,2,2,sd,dwolfe,69,500,54210,35214,maxIter
SSFYY1,2,2,sd,qwolfe,70,500,55113,36116,maxIter
SSFYY1,2,2,sd,dwolfe,70,500,53394,34397,maxIter
SSFYY1,2,2,sd,qwolfe,71,500,55011,36009,maxIter
SSFYY1,2,2,sd,dwolfe,71,500,53286,34284,maxIter
SSFYY1,2,2,sd,qwolfe,72,500,54858,35847,maxIter
SSFYY1,2,2,sd,dwolfe,72,500,53124,34113,maxIter
SSFYY1,2,2,sd,qwolfe,73,500,55317,36332,maxIter
SSFYY1,2,2,sd,dwolfe,73,500,53610,34625,maxIter
SSFYY1,2,2,sd,qwolfe,74,500,56196,37218,maxIter
SSFYY1,2,2,sd,dwolfe,74,500,54534,35556,maxIter
SSFYY1,2,2,sd,qwolfe,75,500,54960,35954,maxIter
SSFYY1,2,2,sd,dwolfe,75,500,53232,34226,maxIter
SSFYY1,2,2,sd,qwolfe,76,500,55317,36332,maxIter
SSFYY1,2,2,sd,dwolfe,76,500,53610,34625,maxIter
SSFYY1,2,2,sd,qwolfe,77,500,54909,35901,maxIter
SSFYY1,2,2,sd,dwolfe,77,500,53178,34170,maxIter
SSFYY1,2,2,sd,qwolfe,78,500,55164,36170,maxIter
SSFYY1,2,2,sd,dwolfe,78,500,53448,34454,maxIter
SSFYY1,2,2,sd,qwolfe,79,500,55419,36440,maxIter
SSFYY1,2,2,sd,dwolfe,79,500,53718,34739,maxIter
SSFYY1,2,2,sd,qwolfe,80,500,54846,35878,maxIter
SSFYY1,2,2,sd,dwolfe,80,500,53118,34150,maxIter
SSFYY1,2,2,sd,qwolfe,81,500,55941,36948,maxIter
SSFYY1,2,2,sd,dwolfe,81,500,54264,35271,maxIter
SSFYY1,2,2,sd,qwolfe,82,500,55011,36009,maxIter
SSFYY1,2,2,sd,dwolfe,82,500,53286,34284,maxIter
SSFYY1,2,2,sd,qwolfe,83,500,55164,36170,maxIter
SSFYY1,2,2,sd,dwolfe,83,500,53448,34454,maxIter
SSFYY1,2,2,sd,qwolfe,84,500,55062,36062,maxIter
SSFYY1,2,2,sd,dwolfe,84,500,53340,34340,maxIter
SSFYY1,2,2,sd,qwolfe,85,500,55317,36332,maxIter
SSFYY1,2,2,sd,dwolfe,85,500,53610,34625,maxIter
SSFYY1,2,2,sd,qwolfe,86,500,55266,36278,maxIter
SSFYY1,2,2,sd,dwolfe,86,500,53556,34568,maxIter
SSFYY1,2,2,sd,qwolfe,87,500,54795,35824,maxIter
SSFYY1,2,2,sd,dwolfe,87,500,53064,34093,maxIter
SSFYY1,2,2,sd,qwolfe,88,500,55011,36009,maxIter
SSFYY1,2,2,sd,dwolfe,88,500,53286,34284,maxIter
SSFYY1,2,2,sd,qwolfe,89,500,54960,35954,maxIter
SSFYY1,2,2,sd,dwolfe,89,500,53232,34226,maxIter
SSFYY1,2,2,sd,qwolfe,90,500,55470,36494,maxIter
SSFYY1,2,2,sd,dwolfe,90,500,53772,34796,maxIter
SSFYY1,2,2,sd,qwolfe,91,500,55215,36224,maxIter
SSFYY1,2,2,sd,dwolfe,91,500,53502,34511,maxIter
SSFYY1,2,2,sd,qwolfe,92,500,55164,36170,maxIter
SSFYY1,2,2,sd,dwolfe,92,500,53448,34454,maxIter
SSFYY1,2,2,sd,qwolfe,93,500,55572,36602,maxIter
SSFYY1,2,2,sd,dwolfe,93,500,53880,34910,maxIter
SSFYY1,2,2,sd,qwolfe,94,500,55062,36062,maxIter
SSFYY1,2,2,sd,dwolfe,94,500,53340,34340,maxIter
SSFYY1,2,2,sd,qwolfe,95,500,55062,36062,maxIter
SSFYY1,2,2,sd,dwolfe,95,500,53340,34340,maxIter
SSFYY1,2,2,sd,qwolfe,96,500,54909,35901,maxIter
SSFYY1,2,2,sd,dwolfe,96,500,53178,34170,maxIter
SSFYY1,2,2,sd,qwolfe,97,500,55521,36548,maxIter
SSFYY1,2,2,sd,dwolfe,97,500,53826,34853,maxIter
SSFYY1,2,2,sd,qwolfe,98,500,55164,36170,maxIter
SSFYY1,2,2,sd,dwolfe,98,500,53448,34454,maxIter
SSFYY1,2,2,sd,qwolfe,99,500,55125,36085,maxIter
SSFYY1,2,2,sd,dwolfe,99,500,53400,34360,maxIter
SSFYY1,2,2,sd,qwolfe,100,500,55011,36008,maxIter
SSFYY1,2,2,sd,dwolfe,100,500,53286,34283,maxIter
VU2,2,2,sd,qwolfe,1,500,57213,37554,maxIter
VU2,2,2,sd,dwolfe,1,500,58149,38617,maxIter
VU2,2,2,sd,qwolfe,2,500,57108,37443,maxIter
VU2,2,2,sd,dwolfe,2,500,58092,38559,maxIter
VU2,2,2,sd,qwolfe,3,500,29745,11727,maxIter
VU2,2,2,sd,dwolfe,3,500,58203,38674,maxIter
VU2,2,2,sd,qwolfe,4,500,57213,37554,maxIter
VU2,2,2,sd,dwolfe,4,500,58149,38617,maxIter
VU2,2,2,sd,qwolfe,5,500,29745,11727,maxIter
VU2,2,2,sd,dwolfe,5,500,58203,38674,maxIter
VU2,2,2,sd,qwolfe,6,500,57213,37554,maxIter
VU2,2,2,sd,dwolfe,6,500,58149,38617,maxIter
VU2,2,2,sd,qwolfe,7,500,57084,37509,maxIter
VU2,2,2,sd,dwolfe,7,500,58146,38616,maxIter
VU2,2,2,sd,qwolfe,8,500,2502,2502,maxIter
VU2,2,2,sd,dwolfe,8,500,59502,40002,maxIter
VU2,2,2,sd,qwolfe,9,500,29745,11727,maxIter
VU2,2,2,sd,dwolfe,9,500,58203,38674,maxIter
VU2,2,2,sd,qwolfe,10,500,2502,2502,maxIter
VU2,2,2,sd,dwolfe,10,500,59502,40002,maxIter
VU2,2,2,sd,qwolfe,11,500,57108,37443,maxIter
VU2,2,2,sd,dwolfe,11,500,58092,38559,maxIter
VU2,2,2,sd,qwolfe,12,500,2502,2502,maxIter
VU2,2,2,sd,dwolfe,12,500,59502,40002,maxIter
VU2,2,2,sd,qwolfe,13,500,57270,37612,maxIter
VU2,2,2,sd,dwolfe,13,500,58149,38617,maxIter
VU2,2,2,sd,qwolfe,14,500,29745,11727,maxIter
VU2,2,2,sd,dwolfe,14,500,58203,38674,maxIter
VU2,2,2,sd,qwolfe,15,500,29745,11727,maxIter
VU2,2,2,sd,dwolfe,15,500,58203,38674,maxIter
VU2,2,2,sd,qwolfe,16,500,57258,37645,maxIter
VU2,2,2,sd,dwolfe,16,500,58146,38616,maxIter
VU2,2,2,sd,qwolfe,17,500,2502,2502,maxIter
VU2,2,2,sd,dwolfe,17,500,59502,40002,maxIter
VU2,2,2,sd,qwolfe,18,500,57060,37391,maxIter
VU2,2,2,sd,dwolfe,18,500,58092,38559,maxIter
VU2,2,2,sd,qwolfe,19,500,29745,11727,maxIter
VU2,2,2,sd,dwolfe,19,500,58203,38674,maxIter
VU2,2,2,sd,qwolfe,20,500,2502,2502,maxIter
VU2,2,2,sd,dwolfe,20,500,59502,40002,maxIter
VU2,2,2,sd,qwolfe,21,500,57270,37612,maxIter
VU2,2,2,sd,dwolfe,21,500,58146,38616,maxIter
VU2,2,2,sd,qwolfe,22,500,2502,2502,maxIter
VU2,2,2,sd,dwolfe,22,500,59502,40002,maxIter
VU2,2,2,sd,qwolfe,23,500,2502,2502,maxIter
VU2,2,2,sd,dwolfe,23,500,59502,40002,maxIter
VU2,2,2,sd,qwolfe,24,500,57270,37612,maxIter
VU2,2,2,sd,dwolfe,24,500,58149,38617,maxIter
VU2,2,2,sd,qwolfe,25,500,57375,37723,maxIter
VU2,2,2,sd,dwolfe,25,500,58146,38616,maxIter
VU2,2,2,sd,qwolfe,26,500,57213,37554,maxIter
VU2,2,2,sd,dwolfe,26,500,58149,38617,maxIter
VU2,2,2,sd,qwolfe,27,500,2502,2502,maxIter
VU2,2,2,sd,dwolfe,27,500,59502,40002,maxIter
VU2,2,2,sd,qwolfe,28,500,57108,37443,maxIter
VU2,2,2,sd,dwolfe,28,500,58092,38559,maxIter
VU2,2,2,sd,qwolfe,29,500,29745,11727,maxIter
VU2,2,2,sd,dwolfe,29,500,58203,38674,maxIter
VU2,2,2,sd,qwolfe,30,500,56874,37287,maxIter
VU2,2,2,sd,dwolfe,30,500,58092,38559,maxIter
VU2,2,2,sd,qwolfe,31,500,57270,37612,maxIter
VU2,2,2,sd,dwolfe,31,500,58149,38617,maxIter
VU2,2,2,sd,qwolfe,32,500,57036,37456,maxIter
VU2,2,2,sd,dwolfe,32,500,58149,38617,maxIter
VU2,2,2,sd,qwolfe,33,500,29745,11727,maxIter
VU2,2,2,sd,dwolfe,33,500,58203,38674,maxIter
VU2,2,2,sd,qwolfe,34,500,57213,37554,maxIter
VU2,2,2,sd,dwolfe,34,500,58149,38617,maxIter
VU2,2,2,sd,qwolfe,35,500,57258,37645,maxIter
VU2,2,2,sd,dwolfe,35,500,58203,38674,maxIter
VU2,2,2,sd,qwolfe,36,500,57108,37443,maxIter
VU2,2,2,sd,dwolfe,36,500,58092,38559,maxIter
VU2,2,2,sd,qwolfe,37,500,57141,37567,maxIter
VU2,2,2,sd,dwolfe,37,500,58146,38616,maxIter
VU2,2,2,sd,qwolfe,38,500,57258,37645,maxIter
VU2,2,2,sd,dwolfe,38,500,58146,38616,maxIter
VU2,2,2,sd,qwolfe,39,500,57270,37612,maxIter
VU2,2,2,sd,dwolfe,39,500,58146,38616,maxIter
VU2,2,2,sd,qwolfe,40,500,57060,37391,maxIter
VU2,2,2,sd,dwolfe,40,500,58092,38559,maxIter
VU2,2,2,sd,qwolfe,41,500,57060,37391,maxIter
VU2,2,2,sd,dwolfe,41,500,58092,38559,maxIter
VU2,2,2,sd,qwolfe,42,500,2502,2502,maxIter
VU2,2,2,sd,dwolfe,42,500,59502,40002,maxIter
VU2,2,2,sd,qwolfe,43,500,29745,11727,maxIter
VU2,2,2,sd,dwolfe,43,500,58203,38674,maxIter
VU2,2,2,sd,qwolfe,44,500,57108,37443,maxIter
VU2,2,2,sd,dwolfe,44,500,58092,38559,maxIter
VU2,2,2,sd,qwolfe,45,500,29745,11727,maxIter
VU2,2,2,sd,dwolfe,45,500,58203,38674,maxIter
VU2,2,2,sd,qwolfe,46,500,57258,37645,maxIter
VU2,2,2,sd,dwolfe,46,500,58146,38616,maxIter
VU2,2,2,sd,qwolfe,47,500,57270,37612,maxIter
VU2,2,2,sd,dwolfe,47,500,58149,38617,maxIter
VU2,2,2,sd,qwolfe,48,500,29745,11727,maxIter
VU2,2,2,sd,dwolfe,48,500,58203,38674,maxIter
VU2,2,2,sd,qwolfe,49,500,29745,11727,maxIter
VU2,2,2,sd,dwolfe,49,500,58203,38674,maxIter
VU2,2,2,sd,qwolfe,50,500,2502,2502,maxIter
VU2,2,2,sd,dwolfe,50,500,59502,40002,maxIter
VU2,2,2,sd,qwolfe,51,500,2502,2502,maxIter
VU2,2,2,sd,dwolfe,51,500,59502,40002,maxIter
VU2,2,2,sd,qwolfe,52,500,2502,2502,maxIter
VU2,2,2,sd,dwolfe,52,500,59502,40002,maxIter
VU2,2,2,sd,qwolfe,53,500,29745,11727,maxIter
VU2,2,2,sd,dwolfe,53,500,58203,38674,maxIter
VU2,2,2,sd,qwolfe,54,500,2502,2502,maxIter
VU2,2,2,sd,dwolfe,54,500,59502,40002,maxIter
VU2,2,2,sd,qwolfe,55,500,29745,11727,maxIter
VU2,2,2,sd,dwolfe,55,500,58203,38674,maxIter
VU2,2,2,sd,qwolfe,56,500,2502,2502,maxIter
VU2,2,2,sd,dwolfe,56,500,58203,38674,maxIter
VU2,2,2,sd,qwolfe,57,500,57165,37501,maxIter
VU2,2,2,sd,dwolfe,57,500,58149,38617,maxIter
VU2,2,2,sd,qwolfe,58,500,29745,11727,maxIter
VU2,2,2,sd,dwolfe,58,500,58203,38674,maxIter
VU2,2,2,sd,qwolfe,59,500,57108,37443,maxIter
VU2,2,2,sd,dwolfe,59,500,58092,38559,maxIter
VU2,2,2,sd,qwolfe,60,500,29739,11728,maxIter
VU2,2,2,sd,dwolfe,60,500,58203,38674,maxIter
VU2,2,2,sd,qwolfe,61,500,57108,37443,maxIter
VU2,2,2,sd,dwolfe,61,500,58092,38559,maxIter
VU2,2,2,sd,qwolfe,62,500,29745,11727,maxIter
VU2,2,2,sd,dwolfe,62,500,58203,38674,maxIter
VU2,2,2,sd,qwolfe,63,500,57108,37443,maxIter
VU2,2,2,sd,dwolfe,63,500,58092,38559,maxIter
VU2,2,2,sd,qwolfe,64,500,29745,11727,maxIter
VU2,2,2,sd,dwolfe,64,500,58203,38674,maxIter
VU2,2,2,sd,qwolfe,65,500,56874,37287,maxIter
VU2,2,2,sd,dwolfe,65,500,58149,38617,maxIter
VU2,2,2,sd,qwolfe,66,500,2502,2502,maxIter
VU2,2,2,sd,dwolfe,66,500,59502,40002,maxIter
VU2,2,2,sd,qwolfe,67,500,2502,2502,maxIter
VU2,2,2,sd,dwolfe,67,500,59502,40002,maxIter
VU2,2,2,sd,qwolfe,68,500,2502,2502,maxIter
VU2,2,2,sd,dwolfe,68,500,58203,38674,maxIter
VU2,2,2,sd,qwolfe,69,500,2502,2502,maxIter
VU2,2,2,sd,dwolfe,69,500,59502,40002,maxIter
VU2,2,2,sd,qwolfe,70,500,29745,11727,maxIter
VU2,2,2,sd,dwolfe,70,500,58203,38674,maxIter
VU2,2,2,sd,qwolfe,71,500,2502,2502,maxIter
VU2,2,2,sd,dwolfe,71,500,59502,40002,maxIter
VU2,2,2,sd,qwolfe,72,500,29745,11727,maxIter
VU2,2,2,sd,dwolfe,72,500,58203,38674,maxIter
VU2,2,2,sd,qwolfe,73,500,29745,11727,maxIter
VU2,2,2,sd,dwolfe,73,500,58203,38674,maxIter
VU2,2,2,sd,qwolfe,74,500,2502,2502,maxIter
VU2,2,2,sd,dwolfe,74,500,59502,40002,maxIter
VU2,2,2,sd,qwolfe,75,500,56931,37346,maxIter
VU2,2,2,sd,dwolfe,75,500,58149,38617,maxIter
VU2,2,2,sd,qwolfe,76,500,57141,37567,maxIter
VU2,2,2,sd,dwolfe,76,500,58146,38616,maxIter
VU2,2,2,sd,qwolfe,77,500,57213,37554,maxIter
VU2,2,2,sd,dwolfe,77,500,58149,38617,maxIter
VU2,2,2,sd,qwolfe,78,500,29745,11727,maxIter
VU2,2,2,sd,dwolfe,78,500,58203,38674,maxIter
VU2,2,2,sd,qwolfe,79,500,2502,2502,maxIter
VU2,2,2,sd,dwolfe,79,500,59502,40002,maxIter
VU2,2,2,sd,qwolfe,80,500,57270,37612,maxIter
VU2,2,2,sd,dwolfe,80,500,58149,38617,maxIter
VU2,2,2,sd,qwolfe,81,500,29745,11727,maxIter
VU2,2,2,sd,dwolfe,81,500,58203,38674,maxIter
VU2,2,2,sd,qwolfe,82,500,57108,37443,maxIter
VU2,2,2,sd,dwolfe,82,500,58092,38559,maxIter
VU2,2,2,sd,qwolfe,83,500,57258,37645,maxIter
VU2,2,2,sd,dwolfe,83,500,58146,38616,maxIter
VU2,2,2,sd,qwolfe,84,500,29745,11727,maxIter
VU2,2,2,sd,dwolfe,84,500,58203,38674,maxIter
VU2,2,2,sd,qwolfe,85,500,29745,11727,maxIter
VU2,2,2,sd,dwolfe,85,500,58203,38674,maxIter
VU2,2,2,sd,qwolfe,86,500,2502,2502,maxIter
VU2,2,2,sd,dwolfe,86,500,58203,38674,maxIter
VU2,2,2,sd,qwolfe,87,500,2502,2502,maxIter
VU2,2,2,sd,dwolfe,87,500,59502,40002,maxIter
VU2,2,2,sd,qwolfe,88,500,57060,37391,maxIter
VU2,2,2,sd,dwolfe,88,500,58095,38560,maxIter
VU2,2,2,sd,qwolfe,89,500,2502,2502,maxIter
VU2,2,2,sd,dwolfe,89,500,59502,40002,maxIter
VU2,2,2,sd,qwolfe,90,500,2502,2502,maxIter
VU2,2,2,sd,dwolfe,90,500,59502,40002,maxIter
VU2,2,2,sd,qwolfe,91,500,2502,2502,maxIter
VU2,2,2,sd,dwolfe,91,500,59502,40002,maxIter
VU2,2,2,sd,qwolfe,92,500,57165,37501,maxIter
VU2,2,2,sd,dwolfe,92,500,58092,38559,maxIter
VU2,2,2,sd,qwolfe,93,500,29745,11727,maxIter
VU2,2,2,sd,dwolfe,93,500,58203,38674,maxIter
VU2,2,2,sd,qwolfe,94,500,29745,11727,maxIter
VU2,2,2,sd,dwolfe,94,500,58203,38674,maxIter
VU2,2,2,sd,qwolfe,95,500,2502,2502,maxIter
VU2,2,2,sd,dwolfe,95,500,59502,40002,maxIter
VU2,2,2,sd,qwolfe,96,500,57213,37554,maxIter
VU2,2,2,sd,dwolfe,96,500,58149,38617,maxIter
VU2,2,2,sd,qwolfe,97,500,57258,37645,maxIter
VU2,2,2,sd,dwolfe,97,500,58203,38674,maxIter
VU2,2,2,sd,qwolfe,98,500,57141,37567,maxIter
VU2,2,2,sd,dwolfe,98,500,58203,38674,maxIter
VU2,2,2,sd,qwolfe,99,500,57258,37645,maxIter
VU2,2,2,sd,dwolfe,99,500,58203,38674,maxIter
VU2,2,2,sd,qwolfe,100,500,29745,11727,maxIter
VU2,2,2,sd,dwolfe,100,500,58203,38674,maxIter
